review,sentiment
"""  Hocam; bugun  memnuniyetsiz bir musteriyim diye tepiniyorum, kimse orali degil.""Turkcell niye üzüyon! 
",0
"""Aşık olmak için illa ölümü göze almak mı lazım?"" nasıl saçma bir sorudur nasıl saçma bir cümledir bu!	
",0
"#turkcellesavasimvar Haksız kazanç elde ettiklerini dava 10 sene sürse kanıtlayacağım ve emsal teşkil etmesini sağlayacağım Turkcell duy 
",0
"#turkcellesavasimvar ondan kurtulalı yıllar oluyor, yaşasın özgürlük tavsiye edilir ;) ayrıca kalite palavralarını da bıraksınlar 
",0
"#turkcellprotesto olm turkcell  e mesaj hakkı veren yerlerine sokayım senin 
",0
"#turktelekom ,ey sen lider telekom firması, ""beceriksiz"" ve bilgisiz bayilerin arayıp size "" #turkcell Vın"" hediye ""etcez"" diyorlar neden.! 
",0
"#uydunet bu ay turkcell faturamı sen öde mümkünse... iki gündür ne tv var ne internet... turkcell e eğilmek zorunda kalıyoruz sayende.... 
",0
"#vodafone #turkcell - SMS paketi alıp her ay, atmadığım sms'lerin parasını ödemek istemiyorum. 
",0
"#vodafone icin Buyuk eksiklik. Apple urunlerinde kullanilmak uzere #turkcell online islem gibi bir app yapmadilar, yapamadilar. 
",0
"%98.2 oraninda kapsama alani olan Turkcell, kapsama alani olmayan o %1.8 lik alana denk gelmekkk  nedir ya :/ 
",0
"''Umut bitti! Mutluluk demir sandıkta kitli.''	
",0
"'lutfen bir turkcell ıletısım noktasına gidin' boş geziyoruz bızım ısımız gucumuz yok sankı kalkıp eve gidip fatura bulup sana kosucam!! 
",0
"""Birinin ikinci tercihi olmak, berbat bir şey."" (Pretty Little Liars)	
",0
"+Hatta 999898989 tane senaryo yazdım kafamda...İçeride biri olsada açsa ama nerede,yok öyle bir dünya,kapıyı çalanda açanda ben olunca...:/	
",0
"+Turksel beni sesimden tanır.-anlamadık lutfen yenıden deneyın +turksel benı sesımd.. benim ben döl ziyanı tanımadın mıaa (turk kızı merve) 
",0
"+bir çok kötü bir tane iyi etmiyor maalesef.. bu uygulamaların hepsi çöp yığını.. shubuo'dan beri ders almadılar,çok beceriksizsin turkcell! 
",0
"-Bir mesaj atsa! *Mesaj sesi* (şok ifadesi) Noooolur o olsun! + Sayın abonemiz... Amk turkcell:)))) 
",0
"-İyi günler biz turkcell'den arıyoruz hakan uçarla mı görüşüyorum-hayır ben değilim-şöyle bi kampanyamız ıııhhhhıggıı ben daha sonra ulaşsam 
",0
"// 4 ay önce aldığım telefonum sonunda bozuldu... Bu kadar dayanması bile mucize... Teşekkürler Turkcell!!! 
",0
"0 facebook kapanıyo sms 14 tl smsi olmayanlar facebooktan mesaj atamıcağı için sms yapmak zorunda olduğumuzu düşünmüştür kesin o.ç türksel 
",0
"00.00 da atarsa Türkcell mesaj atar yani 
",0
"00.00'da mesaj atacam salak ne kadar sevinecek.  -Turkcell 
",0
"00:00 da turkselden mesaj geldi Allah belani versin turkcell :| 
",0
"""Bu gidişle hiçbir şeyin yolunda gideceği yok.""	
",0
"00:00'da mesaj mı atılır lan? amına koyim turkcell! 
",0
"03.15te mesaj atıp yüreğimi hoplatan turkcell'e sevgilerimi yolluyorum burdan 
",0
"0532 li bir numaradan aramanın nedeni ne Turkcell? o kadar öksürüp sesimi açmıştım. cani! 
",0
"1 gb internet pakedim de bitti lanet turkcell. 
",0
"1 gb internet yapiyorum hala internet kullanimindan param gidiyo  aq senin ahhahahaha 
",0
"1-2 sene içinde whatsapp desteklemeyen telefon kalmıcak kimse sms yapmıcak görücen ebeni turkcell 
",0
"1219834 senedir yaşadığım en adrenalinli gece desem abartmış olur muyum lan? yok ya olmam sanırım. başımda deli ağrılar.	
",0
"3 aydır turkcell den arıyolar inadına açmıyorum,yok sesli mesaj falan bırakmalar yemezler öyle kolay kolay. 
",0
"3 gunde 1 gb nasil biter nasil pis turkcell:( 
",0
"3 gün sonra sms paketim bitiyormuş,zaten turkcell mesaj atıp söylemese sms paketimin olduğunu unutmuştum yalnızım lan 
",0
"""Gun boyunca 1 tlye konusun"" mesajini gece 10'da yollayan Turkcell'in mesajini yasamak istiyorum. 
",0
"3-4 gün önce kontör yükledim  turkcell ogünden beri 25tane mesaj attı !!!!111!!1!1!!!! 
",0
"30TL yükledim diye dünya kadar mesaj gönderen Turkcell 100 TL yüklesem kapıma dayanacak, 200 TL yüklesem nikah kıyacak herhalde... 
",0
"32 dakikadır turkcell'in teknoloji uzmanıyla konuşuyordum bir türlü yapamadık mms ayarlarımı 
",0
"36 saat geçti hala bekliyorum aranmayı illa 4 olması gerek dimi çözüm merkezinin bana dönüş yapması için çok merak ettim !?!? 
",0
"3G de herzaman heryerde hep problem var sevgili 
",0
"3G problemleri icin nereye basvurabiliriz? Kayseri/Talas Erciyes Unv. Civarı 5 gündür edge. Turkcell bile çekiyor yahu :) help.. 
",0
"3G sinyalim sürekli Edge'e düşerken,  Turkcell internet keyfimi ""kesintisiz"" sürdürebilmem için aboneliğimi yenilediklerine dair mesaj attı. 
",0
"3G ve E kapismasi beni bazen cok yoruyo, hangisini kullanicama ben karar versem nasil olur sevgili #turkcell ? 
",0
"3tl durduk yere gitti Turkcell sürekli soyuyo 
",0
"4 cekermis! Kactir kesiliyor konusmanin ortasinda! Yalan dolan reklam yapacaginiza azcik yatirim yapin.. 
",0
"""Huzur denilen o şeyin her santimine ihtiyacım var bu aralar. Bana biraz bahar gerekiyor. Çok üşüdüm.""	
",0
"4 dakkalik bi sarkiyi en az 30 gunde ceker diyorum ben 
",0
"4 dakıka oldu hala beklıyorum... Cıdden agzını burnunu kırıcam turkcell. 
",0
"4 günde n tane sms aldım (n&gt;50), n-10 tanesi turkcell ve bilimum giyim mağazalarından. hiç kimsenin aramadığı fin hattımı özlicem nerdeyse 
",0
"4 saat içerisinde beyaz eşyalar, bosch servisi, baza, süperonline gelip geçince; ortalık savaş alanına döndü doğal olarak :| 
",0
"4 yillik tecrubeme dayanarak söyleyebilirim ki; ""her yerde 4 çeker"" büyük yalan! Bu Turkcell Bakirköy'de cekmiyor.Günesli'de hic cekmiyor... 
",0
"4 çeken wınn ewde nie 1 çekiyo hep açık havadamı kullanıcaz turkcell bunu nasıl düşünemedin yaaa 
",0
"4 çeker 5 çeker hikayeeeeee  en az 4-5 kez cagrı merkezine telefon acmama rağmen TRABZON'da şehir merkezinde telefon cekmiyor 
",0
"4 çeker diye reklam yapıp Dogan görünümlü sahin kıvamında kalansin 
",0
"4 çekmez , turkcelli pencere kenarlarında ancak acı çeker... 
",0
"4- Hepsiburada'ya, KVK'ya, Turkcell'e, Vodafone'ye Sövesim geldi sövmedim. BlackBerry'e sövesim geliyor, sövmicem. Ben o Noel'inde ... 
",0
"""O kadar yoruldum ki, artık hiçbir şeye şaşırmıyorum.. Ve umrumda değil hiçkimse, ne halim varsa görmekle meşgulüm.""	
",0
"434,00 tl ödemeyi nasıl yapacağım acaba süperonline a içime oturur ya 
",0
"45dk da anca anlatabildim derdimi sonunda sistemimizde problem var dediniz. Saka misin?? 
",0
"4ceker turkcell sanirim bi tek benim oldugum yerlerde cekmiyo.. 
",0
"50tl yakıt alıyoruz 50dakika kazanmak için şifre yolluyoruz. Sonra mesaj geliyor arama yapıyoruz kontör gidiyor nerde kazanılan dk 
",0
"6 7 ay oldu rahatladim. Korkulu ruya gormektense uykusuz kalirim. 
",0
":s bide heryerde 4 çeker diyorlar.. 
",0
"@5sekerlicola çocuğun emo olurda klavyesinde q w tuşları bozulur bunalıma girer umarım.  Gece gece günah lan can bu da.	
",0
"@Gorkemozden_17 gece gece paylaşmak zorunda mıydın bunu	
",0
"@Julietasdf gece gece bu yapılır mı be :)	
",0
"@Kalimdor2682  yapacak birşey yok. Ne sandilar o mükemmel insanlar ? Susacagimi mi ? Haksiz miyim abi ?	
",0
"""Sebepsiz yere bakiyesini düşüreyim de üzülsün fakir."" -Turkcell 
",0
"@Melissa_C33 melis naptın cnm gece gece beni mahvettin	
",0
"@SeriSrife : #MutluluğunTekFormulü ölüm uykusuna yatmak? 
",0
"@aygt1 : RT @gezginn55: #MutluluğunTekFormulü nedir bilmem. Hicbirimz bu kareyi görmek istemiyoruz Ama bu çocuklar cehennemi yaşıyor @gezginn55 
",0
"@demetezberci ne tam hasta olup yatak dösek yatiyorum ne iyilesebiliyorum arada sıkıstim :)) grip gibi bahar nezlesi gibi	
",0
"@diyet_bozan Siz her gece benim başıma bela mısınız ya? Bütün hayallerimi yıktınız!!!	
",0
"@fatihportakal #yetmiyor yazmak #yetmiyor ne yapalım biz http://t.co/1vHQ2sWYou 
",0
"@favlayankopek @busraarpagus  DANİNO YEMEK ZEKASIZLIKSA BEN ZEKASIZIM		
",0
"@jajlafzen güzel şimdi uyu. Yemek yeme koca götlü olursun, sigara içme ölürsün(acı çekerek)		
",0
"@kacsaattoldu İslamiyet in kime ne faydası olmuş şimdiye kadar! Hangi ülkeye mutluluk getirmiş!	
",0
"@kozo1967 isyanlardayım gece çalışmaktan nefret ediyorum be kenks	
",0
"""Tamam artık ohh iyi gidiyo hayatım” diyorum. Sonra bir yıkılmalar, efendime söyleyeyim hayatın beni bir bozmaları filan.	
",0
"@mavisevenben rakı kadehinde ki son yudum gibiydi mutluluk. İctik ve bitti.	
",0
"@mxrat @edAsdfga Abi bırak. Elin ayağın titriyor, şekerim düştü bir şey yemem lazım deyip kaldırıma oturuyorsun. Duygusallık bu değil.	
",0
"@nimetgonulal1 @66serdargokhan bizde bir tünel 3 defa açıldı normaldir	
",0
"@no1wantstohearu güzel yemek yapan hain arkadaşınıza komplo kurmadan önce bol bol yemeğini yiyin bu da bir atasözümdür		
",0
"@raziyeyukseel gece iki ulan Allahsiz işimiz gücümüz yok senle mi konuşak	
",0
"@sussanafayise Mutluluk çok uzaklarda zaten..	
",0
"@uyuyanguzeel bu gece gözüme çok batıyosun :f	
",0
"@uyuyanguzeel gece gece taşak mı geçiyon ne diyon aQ:d	
",0
"@zeynnnnnnnnnn insanın haddini bilmesi erdemdir. Ben de haddimi bilmeliyim artık, yok bir daha mutluluk filan.	
",0
"Abim kendine bi yemek masasi hazirladi sanarsin yillardir yemek yemiyor aq genetik abi bu istah		
",0
"""Turkcellden başka mesaj atanım yok ya"" diyenler, olm az susun. Turkcell gene düşünceli, Avea nerdeyse hiç atmıyo. Yalnızlıktan ölücem. 
",0
"Abla gece gece neden uyuma diye uyanduruyosun ki -.-	
",0
"Abvsdfghjl akşam bunun yüzünden yemek yemedim ben pis iğrenç @damla_atamer @Obeybi_SEVVAL		
",0
"Allah belani versin , bikmadin mi durduk yere surekli para almaktan ?! 
",0
"Ama sen nerden bileceksin 	
",0
"Aminakoyim gece gece ne öfkelendim	
",0
"Arkadaşlar fazla yemek yemiyim dedikçe daha çok yiyorum daha çok kilo alıyorum arkadaşlar yakında beni yuvarlarsınız artık bi zahmet ✋		
",0
"Artık etrafımda gelişen olaylara ne haliniz varsa görün tarafından bakıyorum.	
",0
"Artık nefes alsan dalga geçecek bir nesil yetişiyor	
",0
"Ay su kadin resmen gece gece sinirimi bozdu :D 	
",0
"Aykırı anlamlar arayıp durma  	
",0
"""Verilen sure icinde belgelerinizi tamamlamadiginiz icin hattiniz aramalara kapatilmistir"" diyen  e koca bi alkış istiyorum 
",0
"Bahar Temizliği; Yorgunluğun en büyüğü 	
",0
"Bahar alerjisi, sinuzit ve grip birlesti caresizlikten oksijen makinasina baglicam kendimi :/	
",0
"Bahar geldi ve ben hastayım 	
",0
"Bahar nezlesi kış nezlesi amk nezlesi. Bi git benden	
",0
"Bana sen olmadikca mutluluk haram	
",0
"Batman Güney kent Mahallesi'nde bir evde piknik tüpünün patlaması sonucu  15 yaşındaki Salih Demir, ağır yaralandı.	
",0
"Bazen ayrılık canınızı o kadar acıtır ki hiçbir zaman yüreğinizden yok olmaz…	
",0
"Bazende sorumluklarımla yüzleşmek yerine yemek yiyorum		
",0
"Belki kendim kasiniyorum ya da ole denk geliyo ama gece gece beynime kan sicratmak nedir ya yemin ediyorum ciglik atarak kacicam	
",0
"Ben bişey yapmadım senin hatan baba dolaba pasta birakilirmi gece gece	
",0
""" Bugün de mesaj atmadın.. kesin başka biri var 
",0
"""arkadaşımın telefonunda sevgilisinin adını TURKCELL diye değiştirdim gelen msjları okumadan siliyor ayrıldı... 
",0
"Ben galiba bahar depresyonuna girdim ya. Ya daha bahara gireli 20 Dakka oldu depresyonuna girecek vakti nasıl buldum ki?!	
",0
"Ben her gece ağlaya ağlaya sana kızarak uyudum. Ve her sabaha seni en başından severek uyandım. Bu canımı nasıl yakıyor biliyor musun?	
",0
"Ben onu bulana kadar aradım, ve bulduğum zaten geçmişi sildim. Fırsatçılık yapmaya çalışanlar (o kendini biliyor) SİE!!! gece gece ya	
",0
"Beni balık etli kadın yalanına inandırdınız hunharca yemek yemeye başladım. Evde kalırsam hepinizi keserim.		
",0
"Bi gece de rahat uyusam ya amk	
",0
"Bi gün pişmanlık kapını çalarsa benden çaldığın mutluluk gelsin aklına	
",0
"Bi turkcell düşünüyo zaten :S 
",0
"Bi turksel bi de dijiturkten cektigim kadaaar ....... : 
",0
"Bi uyarsaydın hani turkcell! :s 
",0
"Bilin bakalım kim dişlerini fırçaladıktan sonra yemek yedi http://t.co/AAwWQKY7nP		
",0
"""hayat paylaşınca güzel"" derken;ugg'lı,taytlı,dudaklarınızı büzerek poz verdiğiniz,altında can yücelin şiiri olan fotoğrafları kastetmiyoruz 
",0
"Biliyorum yaptıklarım(ki nerdeyse hiçbir şey) #yetmiyor , ama napalım be zalimin kızı ? 
",0
"Bir aydır istisnasız gece acıkıyorum yemek yiyorum biri daha bana gelip '' kilo al bencaa yaa'' derse onuda yicem.		
",0
"Bir dediğin diğeriyle tutmuyor gelmişsin bana dürüstlükten bahsediyorsun. Yat zıbar allah aşkına gece gece güldürdün	
",0
"Bir gece daha kaybetim...	
",0
"Bir günde 3 sınav beynim yandı üstüne ezber anladık TEOG var da böyle iskence yapilmaz ki	
",0
"Bir günümde iyi geçsin ya	
",0
"Bir kediyi kafasından okla vurup öldürdükten sonra poz veren bir kadın veteriner, fotoğrafı internetten paylaşınc...  #GeceGunduzTakipvar	
",0
"Bir kere olsun adresi şaşırda bana uğra be mutluluk..	
",0
"Bir sure stabil devam ettin ama su an sacmaliyorsun Turkcell 
",0
"Bir yazar olarak senaryoyu nasıl bu kadar zayıf yazmış anlayamadım. Konu sevilir veya sevilmez ama en azından tutarlı olur 
",0
"""iPad'ler gümrükte takıldı kusura bakmayın"" diye mazeret üreten dandik operatör bittabii #Turkcell dir. 
",0
"Bir şey bekliyormuş gibi yapıp içime dünya kadar umudu sığdırmaktan da yoruldum.	
",0
"Birgün pişmanlık kapını çalarsa, bana vermediğin mutluluk gelsin aklına.	
",0
"Biz neden uyuyamiyoruz birisi aciklasin bunu belediyenin cop kamyonu soforleri gibiyiz ak gece gece dolaniyoruz	
",0
"Boyuna mazota,benzine gelen zami ,hunharca tırmanan doları dusunuyo insan,bir tatlı huzur bulamıyor ki	
",0
"Bu aralar tek aktivitem; eve yorgun gelip, 10 gibi kıyafetlerimle mükemmel bir uyku çekip, gece 2'de uyanıp normal insan uykusuna geçmek.	
",0
"Bu gece ben öldüm	
",0
"Bu gece buraların hic tadı yok	
",0
"Bu gece de gereksiz olmuş	
",0
"Bu gece de kendimi düşüncelerle boğarak uykumu kaçırmayı becerdim.	
",0
"Bu gece hiç bişey güzel deyil	
",0
"""Şubat ayı kaç yılda bir 29 çeker?"" sorusuna ""1 yılda"" ya da ""4 ayda"" diye cevap veren süper zekaları da kutluyorum 
",0
"Bu gece twde kafa insanlar yok	
",0
"Bu gece uyuyamıyorum nedense .d	
",0
"Bu gece şiir yazıcam evlatlarım bir ozan gibi bir şayir gibi dertlerimi haykırıcam	
",0
"Bu gidişle hiçbir şeyin yolunda gideceği yok.	
",0
"Bu hayatta en yakınım dediğin insan bile seni üzebiliyorsa bırakalım mutluluk kenarda kalsın	
",0
"Bu nedir arkadaş.. 
",0
"Bugün de mesaj atmadın.. kesin başka biri var 
",0
"Bugün kıyafetlerim ve ayakkabılarımda bahar temizliği yaptım anladım ki ben adam olmam bütün param çula çabuta gitmiş	
",0
"Bunun adı film ise, biz her gün bunlardan 7-8 tane çekeriz.Türk sineması adına üzüldüm. 
",0
"Böyle gece mi olur amk	
",0
"#2012istekleri  Turkcell den kurtulmak bir an önce, şart oldu -alışkanlıklar bir kenara artık - 
",0
"Bütün gece ağlamaktan helak olup ertesi gün hiçbir şey olmamış gibi güne devam eden canlıya kadın denir...	
",0
"Büyüyünce geçer dedikleri mutluluk bence	
",0
"Bırak sevgiliyi yemek yemeye bile zaman ayıramıyorum çok yoğun bu aralar.		
",0
"CemreBurak Ağız şapırdatarak yemek yiyenlerin ağzına kaşık sokasım geliyor.		
",0
"Doların artışı(dolar aldığım için)beklediğim hedefte değil bu bana #yetmiyor  .hadi dolar!!!!! bana kızmayın.hukumetin suçu. 
",0
"Dostlarda olmasa gerçekten çekilecek yanın yok gece. Evlat olsan sevilmezsin	
",0
"Dışarıda şiddetli esen rüzgar sanki bir çatıyı alip benim uyuduğum odanın penceresinden girip kafamı koparacakmis gibi bir gece 	
",0
"EEvet lan :D  ama abi türkcell cok kazık 
",0
"Ekonomi o kdar kötü durumda ki devlet sürekli sınav yapıyor ve sınav ücretlerni artırıyor.Demek toplanan paralar bütçeyi düzeltmeye #yetmiyor 
",0
"En kötüsü de, sms olmadığı zaman telefonum defalarca öter. Olduğu zaman ise,  sadece turkcell kontürlerimi yemek için kampanyalar sunar. 
",0
"#3kelimeyle2011 Benim kelimelerim: Nisantasinda Turkcell Cekmiyor!!!! 
",0
"En kısa zamanda turkcell den bosanıcam 
",0
"En yuksek ortalamali 3g hizi bile onlardayken turkcell cekmeyen yerde vodafone cekerken hala turkcell kullanmak hangi kafa anlamiyorum:) 
",0
"Erol büyükburç'u ne zaman bir reklamda görsem Shubuo Turkcell reklamları aklıma geliyor.Zamaninda ne başarısız bir kampanya idi. 
",0
"Evet daha hızlı diye evimize ulaştınız ama daha 20 mbit in 4 ün üzerine çıktığını göremedik. 
",0
"Eğer düzenli olarak küfür etmek istiyosan ttneti seçebilirsin 
",0
"Eğer hattınız turkcell ise yalnız değilsiniz demektir. Yoksa hergün düzenli olarak kim mesaj gönderir. 
",0
"FAZLA ÖDEDİĞİM FATURAM HALA TURKCELL TARAFINDAN GERİ ODENMEDİ MŞT.HİZ ALDIĞIM CEVAP EFENDİM BİZ BU KONUDA YARDIMCI OLAMİYORUZ 
",0
"Film bir dizinin bir bölümü gibiydi. 
",0
"Film olarak çok zayıf kalmış, bir yönetmenin yapması gerekenlerin hiçbirini yapamayarak projesine sahip çıkamamış. 
",0
"Filmin başı çok güzel ama ortalara doğru sıkıyor gereğinden fazla uzamış o kısım ya da doldurulamamış. 
",0
"#3kelimeyle2011 Gemicik altıncık amerikacik 
",0
"Gece 12-1 maç mı olur amk	
",0
"Gece de sessizlik, icim de bir burukluk, yuregimde huzun... Kelimeler sancili, cumleler yetersiz...	
",0
"Gece gece "" o şortlu fotoğraf ne amk "" mesajıyla uyandım. Hiç hoş değil 	
",0
"Gece gece #azerbulbul yikasim gelir	
",0
"Gece gece bakkaldan sipariş vere vere jilet istedim ya la 	
",0
"Gece gece bana yine geldiler	
",0
"Gece gece bu ne laaan ortaklık ayağa kalkti allahtan bugün gitmemisim sainte :D	
",0
"Gece gece burun kanamasına kalktım o kadar şiddetli yani	
",0
"Gece gece bölümleri tekrar izleyip ağlamakta üzerime yok #LeylaİleMecnun	
",0
"Gece gece dolabı yedim be	
",0
"#3kelimeyle2011 Turkcell beni uzdu. 
",0
"Gece gece gelen dis agrisindan daha buyuk bi aci olamaz, bilin istedim :(	
",0
"Gece gece here comes to rain again çalış triplere sokuyolar adamı.	
",0
"Gece gece kanıt dizisi mi izlenir lan korkarım uyuyamam	
",0
"Gece gece sıkıldım aq	
",0
"Gece gece uyunur mu malmısınız siz.	
",0
"Gece gece yine faşist zihniyet kaplamış twitter'ı.	
",0
"Gece geç saatte eve gelince golden retrivırların, eve hırsız giriyormuşçasına havlayıp milleti uyandırması desem? :(	
",0
"Gece gökte yıldızlar da dinleyin dertlerimi	
",0
"Gece gündüz hastane..primer acil..  önce sağlık.. sağlıklı geceler 	
",0
"Gece herkese gecede ben günlerdir uykusuzum... #KazımKoyuncu	
",0
"#3kelimeyle2011 askerlik, ayrılık, işsizlik 
",0
"Gece oldu mu her yeri her yeri yak.  #sehabe	
",0
"Gece pes oynayanları kıskanıyorum 	
",0
"Gece uzun uykusuz	
",0
"Gece yenen abur cubur tatlı tuzlu meyve karmasının yan etkileri sabah tuvaletten çıkamayıp artık ayakların uyuşması küçük çaplı felç 	
",0
"Gece çalan telefonları hiç sevmem	
",0
"Geride pişmanlıklar varsa , huzur içinde ölemezsin .	
",0
"Geriye sevemeyen bir kalp kaldı https://t.co/NIMGtWxc4j	
",0
"Geçmişte kalmış mutluluk	
",0
"Git hadi git ciğerim yanıyor, son gece bu beni sevsen ne olur.	
",0
"Gitsen de bir, kalsan da bir.	
",0
"#3kelimeyle2011 ocağımı kuruttun 
",0
"Göklerde kartal gibiydim,kanatlarımdan vuruldum,mor çiçekli dal gibiydim,bahar vaktinde kırıldım :( http://t.co/RW733PQeXf	
",0
"Görmemişin gözlüğü olmuş tutmuş onu gece bile takmiş yemin ederim fikra gibiler #ütopya	
",0
"Gün geçmiyor ki bir gece daha uyuyamayalım.	
",0
"Gündüz geçiyor bir şekilde, çareye ihtiyacı olan gece.	
",0
"Gündüz uyuyunca gece de mal gibi kalıyom burda. Yapcak bişey de yok yani uyku da yok. Napacağuk şimdi :(	
",0
"Hahah gece gece ağlanacak halimize gülüyoruz  http://t.co/JPp5iA7rZP	
",0
"Halil Sezai dinle gece gece, bil ki depresyona giriyon	
",0
"Halime bu gece çuval gitmiş. Bu giyiniş konuşmasını da etkilemiş. on cümle söyledi bir tanesinin bile anlamı yoktu.	
",0
"Haram olan bişeyden mutluluk beklersen hayat sana koskoca bir nah çeker işte	
",0
"Hayatımda eksik olan bisi  var. Mutluluk ilk sırada.	
",0
""" Dur mesaj atalimda heyecan yapsinlar "" - TURKCELL - "" Senin ben amina koyim "" - Sevgilisinden mesaj bekleyen genc - 
",0
"#3kelimeyle2011 turkcell işine geleni duyuyorsun! 
",0
"Hem şarkıyı dinleyip hem de sözlerini eleştirmende mütiş ekşın gece gece 	
",0
"Hep bir şeyler eksik oluyor insanın hayatında. Hiçbir zaman tamamlanmayan şeyler.	
",0
"Hep yalnız kalmak olsun alın yazımda ama bilemezler ki ben her gece senin hayalinle uyuyorum.	
",0
"Her gece Kanıt denen sikko programı izlerken uyuyorum. Bi sabah kalkıp bütün evi öldürücem aq	
",0
"Her gece aynı rüyadan uyanmaktan ben usandım	
",0
"Her gece ki gibi bu gecede sancak	
",0
"Her gece uyuyamamaktan gün boyunca herşeye gülmeye çalışmaktan bıktım nerde bunun çaresi?	
",0
"Her kızda mutluluk aranmaz paşa ;dddd	
",0
"Her sabah lenslerimi takmak ve her gece lenslerimi çıkarmak bana acı veriyor	
",0
"Hicbisey anlamadigim aklima gelince konulari bitirmenin verdiği mutluluk da gidio:-|	
",0
"#BiKezOlsun huzursuzluk degil huzur olsun hayatimda..	
",0
"Hiç bir mutluluk sana kavuşmanın tadını vermiyor.	
",0
"Hiç bisey sikimde degil bu gece	
",0
"Hiçbir acının geçtiği falan yok. Sadece zamanla alıştığınız için artık görmezden gelebiliyorsunuz, hepsi bu.	
",0
"Hiçbir şey, hiçbir zaman yeterli olmayacak.	
",0
"Hiçbir şeydim, en azından öyle hissediyordum.	
",0
"Hobi olarak bütün gün yemek yemeyip bu saatlerde acliktan geberirim .		
",0
"Huzur o kadar zor bulunan bi şey ki ama insan varken kıymetini bilmiyo işte...	
",0
"Ice tea icip zeytin yemek ne kafasi acaba?? Mal miyiz ki?		
",0
"Isletme ogrencisine ancient Egypt diye ders koyana da, utanmadan sinavini yapana da guzelce sovdum bu gece...	
",0
"KAAC GECE AGLADIM, BOYLE GIZLICEEE	
",0
"#Blackberry kaynaklı 3G sorunu çözülmek bilmiyor.  de halledemedi, arkadaşlar çözmeye çalışıyor dedi.  nedir sorun? 
",0
"KMal mısın tabiki de gece gece yemek yiyorum 		
",0
"Kadikoyun ortasinda da 3G cekmiyorsa nerede cekecek, istanbulun gobegi kurtkoyde mi sevgili turkcell?! 
",0
"Kadinlar turkcell gibidir once vaad eder sonra çakar 
",0
"Kahretsin cok artistim turkcell bana espri yapiyoor :D 
",0
"Kamaşan gözü ovmak korneanın yapısını bozuyor: Bahar alerjisiyle birlikte artış gösteren göz… http://t.co/daJ6BGhtpj http://t.co/Z6PYHmWlFe	
",0
"Kamil Koç Turkcell'liler bir bilet alana bir bilet bedava kampanyası yapıyor.. Ama içeriğini bakınca sinir oldum.. 
",0
"Kamil Koç bi kampanya yapmış aç Turkcell ile beraber tam bir saçmalık.vay efenim yüzde 10 koltukta geçerli,yolkartsız kullanılamıyo bu ne ya 
",0
"Kanka ben Vodafone a geçicem Turkcell cok kazık gel beraber geceliim :) 
",0
"Kapanmaz gülüşünün açtığı yara  	
",0
"Karnım aç ama yemek yiyemiyorum saat geç olduğu için. Şişmanlık çok acı bi durum		
",0
"#BuKutudaNeVar  yayında inanılmaz VIZILTI var..teknik masa..lütfen çözün..... 
",0
"Kaç yaşına girersen gir mutluluk hep seneyedir. #şiirsokakta	
",0
"Kendimi eve kapatip surekli yemek yiyesim var :(		
",0
"Kendimizi kandırmayalım şimdi.. Dünyada herkese yetecek kadar mutluluk yok.	
",0
"Keşke bu kadar iyi tanımasaydım da gerçekleri bu kadar net göremeseydim dediğim bir gece daha..	
",0
"Kimsin lan sen gece gece özelden arayıp beni uykumdan uyandıran karaktersiz	
",0
"Kontör yükleyince yalakalik yapan turkcell gibi insanlar var. 
",0
"Kontörlü hattayken gizlice tırtıkladığın kontörlerimi unutmuyorum türkcell 
",0
"Kontür yüklemesem Turkcell'in mesaj atacağı yok hep benden bekliyor ilk adımı 
",0
"Kubat turkcell reklamının sonunu halkalı şekere bağlıyacak diye öylesine korkuyorum ki. 
",0
"Kubat'tan dinlediğim en saçma şarkı Turkcell'in ""Hayat Paylaşınca Güzel"" şarkısıdır. O ne lan.. 
",0
"#Sans yazin Turkcell'e gonderin, sonra faturanizda gorursunuz ne kadar sansli oldugunuzu.. Ben cok sansliymisim ama coooookk! 
",0
"Küçük ablamın kime çektiği konusunda hiç bir fikrim yok. Doğuştan memnuniyetsiz adam	
",0
"Kış boyunca hasta olmayıp bahar gelince hasta olan tugce yapmışlar  http://t.co/m4Yt4832oJ	
",0
"Levent Demirci'nin sakatlığı nedeniyle oynayamadığı karşılaşmada Esat Sinanoğlu iyi bir oyun ortaya koysa da Zirve'nin galibiyetine yetmedi.	
",0
"Londra gibi bir sehir de metrolar neden sadece gece 12ye kadar? :(	
",0
"Mutluluk bile acı veriyor, cünkü sonu var biliyorum.	
",0
"Mutluluk bir rüyadan ibarettir, yalnız adı vardır, onu bulmak kolay değildir.(Voltaire)		
",0
"Mutluluk bize haram aq	
",0
"Mutluluk bize kıçını dönmüş	
",0
"Mutluluk haram bize .	
",0
"Mutluluk mu kaldı şimdi bana ?	
",0
"#SedefeÇözümDrİlteberBahadır Hiç doğmamayı isterdim ama bir kere doğmuşum ölmek yasak.	
",0
"Mutluluk rakı kadehindeki son damlaydı. İçtik ve bitti.	
",0
"Mutluluk yanıma uğramaz oldu.	
",0
"Mutluluk Çorba Olsa , Ben Çatal Olurum Herhalde	
",0
"Mutluluk çok uzakta	
",0
"Mutluluğu sordular. Kaldırımın kıyısından kayıp düşen sıkı dostuna gülen insanı gösterdim. O kadarcıktı mutluluk; bayağı, safi, payidar.	
",0
"Mutsuzlukla yoğrulmuşuz mutluluk bize haram...	
",0
"Ne güzel bir cumartesi evde mal gibi oturuyorum	
",0
"Ne sevimsiz bir gece  bu gece yaa uyku 0 0 0 !	
",0
"Ne zaman mutlu olsak biri geliyo mutluluk gidiyor amınakoyim	
",0
"Ne zaman yoğun şeyler yaşasan o an bi msj gelir , atan Turkcell'dir.   #BuBoyledir 
",0
"#SedefeÇözümDrİlteberBahadır Ölüsü olan bir gün ağlar, delisi olan her gün ağlar.	
",0
"Ne çok hasret saklıymış bir günde	
",0
"Nedir bu benim her gece çektiğim aynı eziyet ??	
",0
"Nerde mal var beni buluyo gece gece amk	
",0
"Neyse bu gece daha fazla kafa patlatmaya gerek yok. Nasıl olsa yarın sabah uyandığımda aynı dertleri elimle koymuş gibi yine bulurum!	
",0
"O gece elimde ki sigaradan daha cok yanmıştı içim.	
",0
"Offf ulan offf mutluluk neden bu kadar uzak bana nedennnnn	
",0
"Okkalı küfürler etmek istediğim bir sürü isim var. Gece yine aklıma geldi.	
",0
"Olum gece gece çok hüzünlendim amk	
",0
"Ona bir fırça daha attım. akşam akşam rahatladım :) 
",0
"RT @13burctahmin: ♌ ASLAN : En gözü kara burçtur, inanın bir anlık sinir ve kıskançlık yüzünden çok gemiler yakmıştır. Aslan'ı hayal kırıkl…	
",0
"#Superonline alın bu video'yu izleyin. Adil kulanım diye kota koymak, afferin size. 
",0
"RT @13burctahmin: ♏ AKREP : Etrafında seni çekemeyen başarılarına katlanamayan bir çok insan var. Her fırsatta ayağına dolaşan insanları ge…	
",0
"RT @13burrc: BALIK Balık ""Bir şeyim yok"" diyorsa: % 60 Tepesi atıktır, % 20 Canına okuyacaktır, ,9 Gıcıktır , %0,1 Bişeyi yoktur	
",0
"RT @1926_babacan: #yetmiyor mu 170 bin kişinin Cezaevinde olması demekki #yetmiyor @fatihportakal !!!! 
",0
"RT @AbbasGucluTR: öğretmen olmak zorlaşıyormuş!sanki şimdiye kadar kolaydı.atandıktan sonra,bir yıllık stajyerlik bitince müdürler karar ve…	
",0
"RT @AhmedCelikten: Bir Vatandaşın Gönderdiği Resim. Mesajı ise :""Afişe Bile Tahammülleri yok. Bu nasıl Müslümanlık."" şeklinde. 	
",0
"RT @Akparti_destek: Halkın %51 oyuyla gelmiş bir Başbakan ve hükümet ancak halkın oyuyla gider. Herkes sandığı kabullenmezse bu ülkede yaşa…	
",0
"RT @AlaattinCAGIL: İlgisizlik; bir insanı kaybetmeyi göze almanın en birinci yolu.	
",0
"RT @AnilCkc: Ben her gece ağlaya ağlaya sana kızarak uyudum. Ve her sabaha seni en başından severek uyandım. Bu canımı nasıl yakıyor biliyo…	
",0
"RT @Arslan_Cakr: Mutluluk haram bize .	
",0
"RT @AtillaTasNet: Bu insanları gördükçe ne kadar doğru bir yerde durduğumu bir kez daha anlıyorum. Menfaat ne pis bir şey arkadaş! http://t…	
",0
"#Superonlinedan nasıl kurtuldum? 
",0
"RT @AyvazYlmaz1: toplandigimiz mekanı basmaya gelirken büyük bir baskın yiyen bütün Beşiktaşlı yoldaşlarımıza slm ve geçmiş olsun :)	
",0
"RT @Batman_dark_: Oktay Kaynarca 15 yıl hapsi istenince açık konuştu: ''Gezi başlı başına bir hataydı''	
",0
"RT @BirDubLeRaki: Aslında mutluluk rakı kadehinin son damlası gibiydi, içtik ve bitti.	
",0
"RT @C_Sureyadizesi: Çok mu ayıp hala mutluluk istemek, neyse zaten hiç halim yok	
",0
"RT @DoganTopgul: @bumerang17_25 Herkesin bir korku eşiği vardır. @huseyingulercee'nin ""yiğitliği"" ""Balkon Konuşması""na kadardı. http://t.co…	
",0
"RT @Emtibieber: bu kızın fotoğrafları niye hep yemek yerken ak #ChosenMusicAwards #Beliebers		
",0
"RT @Ez_Reber: Bir tanesi de amed'te iskanevlerinde bulunan evlerinin 6 katından atlayarak intihar etti İntikamını alacağız hövöl https://t.…	
",0
"RT @Hidrojan: Profiline gir ne yazmış bak, kimleri rtlemiş kontrol et, favorilerde sıkıntı var mı? Kimleri takip etmiş? Tebrikler kafayı ye…		
",0
"RT @JeansBiri: 5 milyarlık Sarayından, 1 milyarlık uçağına binip, 3000 koruma ile 7 tur atarak günahlarının silineceğini zanneden bir Hırsı…	
",0
"RT @JeieJey: Göklerde kartal gibiydim,kanatlarımdan vuruldum,mor çiçekli dal gibiydim,bahar vaktinde kırıldım :( http://t.co/RW733PQeXf	
",0
"#SöyleyinOna gecenin bir yarisi ''napicam lan ben '' diyip ağladiginda anlayacak caresizligi.	
",0
"RT @KadinsalSozluk: Sinan Akçılın meşhur olduğu bir ülkede hala keşfedilmemem beni üzüyor	
",0
"RT @KahveVe: Haramda mutluluk ararsan,mutluluk sana haram olur...	
",0
"RT @KasimKartal: Benim çabalarım #yetmiyor Devletin artık el uzatması şart durum çok vahim @fatihportakal 
",0
"RT @Kimbuyagmurrr: Aq gece gece altıma sıçtım artık korkudan cin min töbe töbe ya  bilgilere bak olmaz olsun öyle bilgiler kdkdkd	
",0
"RT @Kitapcumlelerii: Baharı yaz uğruna tükettik, aşkı naz uğruna... Ve papatyaları seviyor sevmiyor uğruna; Derken ömrü tükettik, bir hiç u…	
",0
"RT @KonserimAnkara: Düğünden bir gün önce kızların toplanıp ""Gerizekalı bok mu vardı bu yaşta evleniyorsun""Diye gelini kınadıkları o geceye…	
",0
"RT @Ladyimam: sünnet çocuğunun ismini yatağın başına yazan aileler gibi bisikletin üstüne  cb'nin adını yazmak nasıl bir kafadır	
",0
"RT @Marjinall_Hatun: Böyle gece mi olur amk	
",0
"RT @Muraterdogan1: Hayatlarının baharında bir yaz aşkı bile yaşamadan hayalleri katledilen çocuklarımızdı onlar.... 	
",0
"RT @MusaHub: Günahtan daha büyük bir günah varsa, o da günahına kılıf uydurmaktır. Ondan da büyüğü günahına ""dinî kılıf"" uydurmaktır. Elhak…	
",0
""" Turkcell T11 mi Geliyor?  Ben bu T serisinden tırsıyorum ufaktan. Terminator'ü çağrıştırıyor sanki. 
",0
"#TURKCELL hat almayın salaklıp edipte..en büyük yanlışı yaparsınız.bildiğiniz adamı yağlı kazığa oturtuyorlar 
",0
"RT @Muthaphukkin_G: Koyu bir Semih hayranı olarak söylemeliyim ki; Tuncay'a yapılan bu pislik söylemi lanetliyorum. #semih #ütopya	
",0
"RT @Politikanaliz: Erasmusçu arkadaşıma Türkiye^de halklar diye bir etnisitenin olmadığnı anlatmaktan gına geldi. Siz ne güzel yaşıyor Türk…	
",0
"RT @Puslumaviatlasi: Sabahtan akşama dek simih hakaret etcek alay etcek tuncay susacak cevap vermeyecek varmı öyle bir dünya.. #cafegrubu #…	
",0
"RT @SevdikBeKardes: Bak yine gece oldu karanlıkta kaldık; özledik.	
",0
"RT @SrlKoprulu: Herhangi bir batı ülkesinde olsa PKK bir günde tuzla buz edilirdi. ABD’de olsa PKK, bir iki saat içinde ciyaklayan hale get…	
",0
"RT @TweetSuvarisi: Kahrolsun kafamda defalarca canlandırdığım ama hiçbir zaman gerçekleşmeyen konuşmalar.	
",0
"RT @Yasins69: Gece gece uyunur mu malmısınız siz.	
",0
"RT @YusufDarcan: Sponsor bulamadım demiyorda, bu gece home diyo, hee oldu amk	
",0
"RT @ZekiDemirkubuz: Bu ülkeye ve bu hayata dair hiçbir şeyin, hiçbir zaman benim dilediğim gibi olmayacağını biliyor, artık bundan acı duym…	
",0
"RT @ademyavuza: Manşetten YALAN yaz.ÖSYM’den açıklama gelsin görme.! Medya hiç bir dönem bu kadar rezil olmamıştı. http://t.co/KuktAPMjbr v…	
",0
"#TURKCELL senden çok büyük şlikayetlerim var 
",0
"RT @alpersenal: @berkayylmaazz mutlu musunuz amk gece gece canımız çekti	
",0
"RT @ankaaktas: Anadoluda Ermeni vahşetlerinden..Kars da diri diri ateşe atılıp yanmış halde canlı çıkan bir Türk kadını; http://t.co/MdF141…	
",0
"RT @babadiyorki: Çok mu ayıp hala mutluluk istemek	
",0
"RT @balzamicsirke: Gündüz dertlenebiliyorsan gerçekten dertlisindir. Gece herkes bi dertli bi dertli zaten.	
",0
"RT @batuhanbatili: Mutsuzlukla yoğrulmuşuz mutluluk bize haram...	
",0
"RT @bilemezdimki: Daha fazla güçlü görünmek zorunda olmadığım bir yerde uyandırın beni.	
",0
"RT @bilemezdimki: Daha ne kadar beceremiyormuş gibi gülümseyeceğim? Geçti diyen bir ses de istemiyorum.	
",0
"RT @bilemezdimki: Onca şey geldi başıma, bunların arasında bir sen yoktun.	
",0
"RT @birkizinhuznu: Ben her gece ağlaya ağlaya sana kızarak uyudum. Ve her sabaha seni en başından severek uyandım. Bu canımı nasıl yakıyor …	
",0
"RT @bozkurthkn1071: Bugün israf diyen Arınç, ""vekil maaşları #yetmiyor demişti. Ne dersiniz @fatihportakal http://t.co/kl6Jh0HJ84 
",0
"#TURKCELL seni de ben boykot edicem. 
",0
"RT @bz_yetish: Sanki zaman durdu akmıyor bu gece..	
",0
"RT @cedriginiz: Ben mutsuz olayım, sen mutlu ol. Yok öyle bir dünya, geber.	
",0
"RT @cizgifilmasigi: Hiç bisey sikimde degil bu gece	
",0
"RT @coskununyeri: Saatlerce konuştuğun biriyle şimdi hiç konuşamamak var bir de.	
",0
"RT @delllavita: Sevgi yok zorbalık var insanlık yok faşistlik var mutluluk yok acı var. İşte devlet işte polis işte Türkiye bir cehennem #S…	
",0
"RT @djfkdjfkfkdjfk: mutluluk diye bişey yok	
",0
"RT @elaa3535: .....Mutluluk avuçlarımdaydı yakalamıştım ama kaçtı :)	
",0
"RT @eyvallaa: Mutluluk deyince aklıma hiçbir şey gelmiyor.	
",0
"RT @footbalista_: Hleb: Saha içerisinde sürekli koşmamız ve belirledikleri basit taktikleri uygulamamız için bizi zorluyorlar. Hiçbir derin…	
",0
"RT @fuatavni_f: 1. Fidan görevinden ayrıldığı gün Yezid, 'Bana bir daha o adamdan bahsetmeyin' demişti. Yezid, Fidan'ı affetmiş değil.	
",0
"#Turkcell Superonline bir milyon evin kapisina fiber internet goturdu bizde niye yok bize niye getirmiyorlar 
",0
"RT @fuatavni_f: 4. Yezid, HDP'nin baraj altında kalmasını istiyor. Efkan'ı özel görevlendirdi. Efkan'ın karanlık ve kirli bir ekibi var.	
",0
"RT @hagi1453: 2002'deki bir asgari ücreti 10 çeyrek altın alım gücü varmış şimdiyse yarıya düşmüş resim bunu anlatıyor anlayana http://t.co…	
",0
"RT @hatuncokiyi: Nutella kavanozunun dibi ne kadar hüzünlü bir manzara.	
",0
"RT @ictihad: Sizli-bizli konuşmak beni çok yoruyor, ömrümden ömür, göğsümden neşe götürüyor.	
",0
"RT @ilberreis: 3 üniversite bitirmemiş insanları musallat ettik ömrümüze..	
",0
"RT @ilkesuakbulak: En efsane gece olduğu aşikar yaktın bizi zeynep	
",0
"RT @johnnybravosana: Biraz daha kaşınacak olursan,bahar-alerji dinlemem seni kopartır köpeklere atarım anladın mı,ANLADIN MI? http://t.co/I…	
",0
"RT @kalpsizkelebek: Ve sen çocuk, adam olmanın nasıl bir duygu hissettirdiğini asla öğrenemeyeceksin.	
",0
"RT @kardelenlericin: Bir ülke düşünün eğitim kongresinde öğretmenlerden söz edilmeyen!! O ülke ne yazık ki Türkiye!! @memursen1995 @EgitimB…	
",0
"RT @kimbuWANTED: mutluluk bize spam atmış	
",0
"#Turkcell biraz bir seyler yap Twitter'in Facebook'tan eksigi ne? Onun niye 0'ı m'i yok. Yazik bence. 
",0
"RT @korkubilgileri0: Gece 3ten sonra cinleri düşünmek veya onlardan bahsetmek iyi değildir.Bir nevi onları çağırırsınız. http://t.co/9XxddB…	
",0
"RT @krtklc: #ütopya murat:gece taksicilik yapiodum bi sarhos bindi arabaya dolandirdim durdum bi topar parasini aldim o gece	
",0
"RT @kulturistan: #akm yapılmaz, meydan düzenlenmez. #taksim Dünya'nın en derbeder meydanı. Intikamcı ve müptezel bir zihniyetin eseridir...	
",0
"RT @kuscubesref: Bu Cumartesi Paralel Örgüt'ün Yargı Yapılanması için çok uzun bir gün olacak.	
",0
"RT @ld_venus: Sen içindeki baharı yaşa bensiz,ben içimdeki kışını yaşarım sessiz sedasız... http://t.co/5eS2ngNlum	
",0
"RT @masalperisiiiii: hahahahaha ay koptum gece gece bu tip ne böyle özenti gençlik gibi  #ütopya http://t.co/DCxLue4LWD	
",0
"RT @maske3g: 17*Lan Salak Gökhan.! Seni İninden Çıkartacağız Bu Gece.! Haddini Bilmeyene Ne Yaparlar Oğlan Çocuğu.? Öperiz Seni.!! http://t…	
",0
"RT @mertzorer: Yağmurun durmasını, güneşin açmasını, gece sabahı, kışın baharı beklersen hep bir şeyleri kaçırırsın.	
",0
"RT @muratkorkmaz09: Kaç para ulan bi mutluluk	
",0
"RT @nediyorbaksana: mutluluk deyince aklıma hiçbir şey gelmiyor.	
",0
"#Turkcell bugun hic msj atmadi ""kesin ba$ka biri var"" :/ 
",0
"RT @oncebidinle: Dün gece kulüplerde kucaktan kucağa gezen kızlar, “hayırlı cumalar” başlığı altında dua veya hadis paylaşmadı mı hala!?!	
",0
"RT @onderseren: Bir insan niye günde 700 kere kendi fotosunu çekip buralara atar. Surat aynı surat bi sürpriz yok. Elimde büyüyor resmen.	
",0
"RT @onerkosar: Sanırım mutluluk bize götünü dönmüş.	
",0
"RT @onurr_96: Ulan sabah söverek uyanıyom gece söverek uyuyom allah benim dert kotamı sınırsız mı yaptı aq çek çek bitmiyo	
",0
"RT @orospunuz23: Ben bu gece böyle sikicilerim   - Dilara http://t.co/5Lf1Tu6yzn	
",0
"RT @pedergusto: intihar ediyonuz amk bu ne mutluluk http://t.co/6raHx2w0Kg	
",0
"RT @resithaylamaz: Kimse Yok Mu'nun faaliyetlerine terör demek, çılgın ruh halini gösteren bir vebaldir http://t.co/yHx8JCbAV9 @zamancomtr …	
",0
"RT @seveceksiniz: Yok aşkm en çok seni seviyorum. senden önceki 70 kişi hevesti tek gerçek sensin hiç ayrılmıcaz. bir kezban ilişki durumu	
",0
"RT @slmbentarik: ya sende çekap yaptırsan bile çıkmayacak bir hastalığın var adı da şeref yetmezliği	
",0
"RT @snapchat07: Kıza :D:D konu aç :DDd;DD diyen erkek :D:D ne bileyim :D:D gerizekalı gibi bir şey :D:D	
",0
"#Turkcell cok gıcık oldum sana!!!! 
",0
"RT @songulunsall: Birgün pişmanlık kapını çalarsa, benden Çaldığın 'mutluluk' gelsin aklına...	
",0
"RT @stolgayucel: Bir deri ayakkabı mı insan yapar seni,yoksa elinde kitabı olan koskocaman yüreğe sahip bir adamın terliği mi?Gece sandığın…	
",0
"RT @t_arzumm: büyüyünce geçer dedikleri şey mutluluk değil di mi?	
",0
"RT @tarikbey: @5sekerlicola çocuğun emo olurda klavyesinde q w tuşları bozulur bunalıma girer umarım.  Gece gece günah lan can bu da.	
",0
"RT @tarikosmanoglu: Osmanlı kostümleriyle onu dirilteceğini zannedip tuvalet açılışına kürsü koyanlar, padişahlar fetih dönüşü tevazudan ül…	
",0
"RT @tarikosmanoglu: İsrail'e söverek, Rabia diyerek Filistin'e umut olduğunu zannedenler, siz gece yumuşak döşeklerde yatarken, @kimseyokmu…	
",0
"RT @theistumblr: Adın geçiyor bazen muhabbet esnasında""değişen bir şey yok bitti gitti""diyorum. Söylerken tüylerim diken diken oluyor ama b…	
",0
"RT @theistumblr: Bu gidişle hiçbir şeyin yolunda gideceği yok.	
",0
"RT @theistumblr: Tam diyorum ki, tamam yokluğuna alıştım, iyiyim. Sonra karşıma bir şey çıkıyor, seni anımsatan herhangi bir şey. Ben yine …	
",0
"RT @tuba_tmd: Özür dileyip pişman olanlara daha çok kızdığımız doğrudur.  Bu gece de bu salaklara yakacağım bir adet sigara.	
",0
"#Turkcell dün 4S'i lanse etti, bugün koca Bahariyedeki TIM'de telefon yok. Tcell daha TIM'lere stok göndermemiş... Ne iş yapar bu Turkcell?? 
",0
"RT @umutsuz1ogrenci: Annem az önce ""o vizeler hele bir düşük gelsin"" adlı şiirini okudu.	
",0
"RT @utopyamrt: @altare_ @olympe___  bu gece varya çileden çıktım artık. insanlar bu kadar kör olamaz. pırıl pırıl insanları parmağında oyna…	
",0
"RT @vatsep: Bir gün herkes değişir, anlamak zor gelir bazen.	
",0
"RT @voltarenvultur1: Her Defasında İpleri Birbirine Dolayıp Elimde Tutamadığım Bir Uçurtma Misaliydi Mutluluk...Ya Ben Beceriksizdim,Yada R…	
",0
"RT @xaksamkahvesi: kuzum düşündüm de Hande'de Demet gibi başrollere ait bir oyuncu çok dikkate alıncağını düşünmüyorum ama eğlence amaçlıys…	
",0
"RT @yarinhaber: ""80 tane esnafı çıkartıp 1 kişiye mi mutluluk kuracaksınız""- http://t.co/tANO6HVBAw http://t.co/MUpS2YMQTE	
",0
"RT @zamancomtr: Kimse Yok Mu'nun faaliyetlerine terör demek, çılgın ruh halini gösteren bir vebaldir 	
",0
"RT: Turkcell'den müthiş kampanya: Siz hattınızı Turkcell'e geçirin, biz de size geçirelim. 
",0
"RTÜK bu gece beyaza kaydı 	
",0
"Ruh hastası psikopat gece gece sinirlerimi zıplattı yine..	
",0
"#Turkcell her ay gelen yuksek otesi faturalarımla beni şaşırtmaya devam ediyor.	 
",0
"Rumeli Caddesindeki abone merkezinde nakit parayla fatura ödeyemiyorum 
",0
"Sabah olup erken kalkmam gerekince, bütün gece tweet okudum neden uyumadım diye çok üzülüyorum.	
",0
"Sabahlari biraz daha uyuyim diye gece gec yatmaya calisiyorum umarim basarili olurum bir insan 2 de yatip 7 de kalkarmi ya	
",0
"Sabahtan akşama kadar esneyerek dolanıyorum. akşam eve gelince yine esniyorum ama gece olunca sanki tüm gün uyumuş gibi bi gram uyku yok.	
",0
"Sana gece dert olur yazmamak uyuyamazsın o da mışıl mışıl yatırır yastığa kafasını uyur. AMk böyle işin be usta!	
",0
"Sanki sonu biraz aceleye gelmiş gibi. 
",0
"Seni unuttuğumu mu sandın :D Bu gece de sana sövüyorum Allahsız	
",0
"Sevgili Turkcell bu sana son mektubum. Sen bu mektubu okurken ben çoktan seni terk edip buralardan gitmiş olucam. 
",0
"Sevimsiz bir gece bu yaaa	
",0
"Sikik bi gece daha	
",0
"#Turkcell in Hayat Paylasinca Guzel reklami emotional selling olayini fazla abartmis!Bilincaltina calismasi gerekirken,kor goze parmak sokms 
",0
"Siz şimdi ikinci mesajı neden atmıyor diye üzülüyorsunuz ama ikinci mesaj her zaman mutluluk vermiyor.	
",0
"Size bir itirafta bulunabilir miyim bedensel engelli insanlardan AŞIRI rahatsız oluyorum	
",0
"Sokaklarda bahar havası, her 4 kişiden 2sinde deri ceket modası soğuttunuz deri ceketten	
",0
"Son 1 haftadır ağlamadan uyuduğum bir gece bile yok 	
",0
"Sponsor bulamadım demiyorda, bu gece home diyo, hee oldu amk	
",0
"Superonline beni sinir ettin.. yaa deli oldum :s 
",0
"T @cografyaci0101: #yetmiyor atamasi yapilmamis ogretmenler 2 kez ankara eylemi yapti yetmiyor 3.ankara eylemini yapiyoruz 20 nisanda 
",0
"Tedaşın yeni oyunu bu olsa gerek. Gece elektrik kesiyorlar Namussuzlar	
",0
"Tsk #Zara gece gece efkarlandırdınnn http://t.co/e9lfwevnLT	
",0
"Ulan twitterıma virüs girdi kendi kendine tivit falan atiyo nasıl sinirlendim gece gece iş çıkartıyolar	
",0
""" hepsi ayni bunlarin, biz de trkcll superonline ile kavga edip iptal ettirdik. Isik hizinda rezaletti!!#TurkTelekomYeterArama"" 
",0
"#Turkcell umarım bundan sonra kafasına sarı anten geçiren,mıy mıy konuşan v ayağına inşaat çizmesi giyen çocukları kullanmazsın reklamlarında 
",0
"Uyku haram bu gece 	
",0
"Uyku tutmayan bir gece daha	
",0
"Uykuya bile tutunamadık bu gece..	
",0
"Uykuyu bu kadar sevipte gece uykumuz geldiğinde ona direnmek ayrı bi manyaklık	
",0
"Uçurum olur cellat olur her gece..	
",0
"Ve ben enkaz altında mahsur #MutluluğunTekFormulü 
",0
"Ve hayat dile gelir; Nah sana mutluluk.	
",0
"Vize tatiline gideyim derken bahar temizligine gelmişim .	
",0
"Ya ben senin her gece aynı saatte kesilen elektriğini sikiyim #batman	
",0
"Ya gece gece aglamak ne	
",0
"#Turkcell'den yeni bir hizmet daha! Unutkanlık. Numaranızı verin, biz yine soralım. Hayat salladıkça güzel. 
",0
"Ya mevsimlerden baharı yok edelim yada ''Aşk'' denilen,  tek başına,  kendince kendi kendine yaşanmayan illet yok olsun..Aşk aşk aşkk 	
",0
"Yanlış düşündüğüm için mi her gece yanlız üşüdüm?	
",0
"Yarama merhem olan sözleri vardı, şimdi ne sözü ne kendisi var. Velhasıl bıraktığı kocaman bir yara var, kabuk bağlamak bilmeyen.	
",0
"Yav bi susun yeter yav,gece 2 oldu ne düğünmus be	
",0
"Yemek ayıran bir kocam olursa onu döverim. Hep çocuğa kötü örnek bak.		
",0
"Yemin ediyorum bu kirpi gerizekalı. Her gece sensörü yakıp, sensörden korkup kaçıyor. Psikopat hayvan.	
",0
"Yine gece gece aklıma delice şeyler geliyor.	
",0
"Yine gece gece piçlik damarlarım kabarmaya başladı ☺	
",0
"Yine gece oldu yine kaldık yalnız başımıza. Gelde çı k işin içinden yani olmuyor, olmuyor istesemde.	
",0
"Yine her yılda bir düzenlenen kız kavgası başlamıştır.Başrolde ben varım.Hayırlı olsun.	
",0
"#Vodafone yeterince başarılı olabildi mi bilmiorum ama #Turkcell'den daha sinir bozucu reklam yapabilmekte epey başarılılar  orası net.. 
",0
"Yine iğrenç bir gece daha ulan	
",0
"Yine saçma sapan bir gece...	
",0
"Yine uykusuz uzun bir gece	
",0
"Yorgun bir gece.	
",0
"Yoruldu kadın. Güçlü olmaya çalışmaktan. Her gece unutmaya çalışmaktan Her sabah hatırlamaktan, yoruldu.	
",0
"Yorumları okuduğumda gitmemeye karar vermiştim. Arkadaşım gitmek isteyince kıramadım. Sonuçta hep beraber sıkıldık. Tavsiye etmiyorum. 
",0
"Zorla geldiğim bir basketbol maçı daha (@ Dumlupınar Spor Salonu in Kütahya w/ @nuuuuuuuuur @resultetik43) https://t.co/FSgoHrdhWK	
",0
"aa ne sıkıcı bi gece	
",0
"allah belanı versinnn . 
",0
"allah belanızı versin.ulan acil işim olsa kanser edersiniz adamı ben ses tanıma kaydı yapmak zorundamıyım kardeşim. 
",0
"#YeniYilKararlarim RT yapana masaüstü bişisi veriyoms.sen önce kazığı sok malum yere sonra takvim ver.ver allahım vr..tavaynan! 
",0
"allah belasını versın:)))))))))) 
",0
"arkadaşlar neden filme gidip sonra yorum yapmıyosunuz 
",0
"ayattansogutanseyler her şey süper hızlıyken bir sürü download yaparken superonline'dan ""adil kullanım kotanızın..."" maili gelmesi. piçler 
",0
"ağlatıcan gece gece aq kızı nasıl tivit o öyle	
",0
"bahar çarptı beni lan	
",0
"belki bi gece aynı yıldıza bakar ağlarız,	
",0
"belki bi gün uzak bi şehrin sonbaharında yaşlanırız.	
",0
"ben artık eve bu saatte gelip akşam yemeğini bu saatte yemek istemiyorum ya bu nassssıl düzensiz bi hayattır..		
",0
"benden aldıklarını geri ver turkcell. âmin 
",0
"bi turkcell mesaj atıyo bi de turkcell ve bi de turkcell :( 
",0
"#gercektenbiktim avea türkcell vodefone reklamların dan tiskindimm haaa 
",0
"bir bahar akşamı sen diye öldüm ben	
",0
"bir kadın onca şeye rağmen her gece yastığa başını koyunca düşünüyorsa üstünü örtmüş müdür diye, gel artık be insafsız gel!	
",0
"bizim bahar şenliklerine iggy azalea falan gelecek diyolar aq ahsdhashdhasfhhasd inanmayın kardeşim böyle şeylere LoL	
",0
"boyle gece olmaz olsun aq #offline	
",0
"bu gece herkes aşk acısı ve saçma sapan şeyler yazmak için mi giriş yaptı	
",0
"bu gece yine bütün evreni ateşe veresim var	
",0
"bu gece üstümde titanikteki kemancı rahatlıgı var batmazsak amk	
",0
"bu ne biçim gece	
",0
"bu yabancı yemek kanallarında ne kafası yaşıyorlar.. Tarantula yenir mi ya ..		
",0
"bu zehniyyətlə yetişdirilən insanların vəzifəsi soruşmaq deyil,cavab vermkədir.tək bir doğrunun olduğu cəmiyyətdə sorğu keçirmək labüddür?	
",0
"#hayatpaylasincaguzel  Paylaşamıyoruz, çünkü tcell odamdan çekmiyor. Bir alo demek için 3 dk harcayınca paylaşmış olmuyoruz. 
",0
"busrasiz sabahlayacagim ilk gece 	
",0
"böyle ekonomi sayfası görmedim, herşeyde en iyiyiz; ekonomi uçuyor, patlıyor, zirvede... 
",0
"büyüyünce geçer dedikleri şey mutluluk değil di dimi?	
",0
"canım cok sıkıldı benim gece gece uyunurmu ya sksosjdnls	
",0
"elbet bir gün öleceğiz...	
",0
"en doğru kararı vermiş olursun, turkcell ve superonlineden uzak durun. Soyup sovana çeviriyorlar. Ben kurtuldum dostum 
",0
"en iyi 3G bende dıyorsun ama çekmiyor canım cekmiyooor!!! Sözleşmem bitsin 10 senelik müşterin gidiyor. Bilginize! #turkcell 
",0
"en kısa süRe içiNde supeRonLine iLe oLan iLişkimi biTiriyoruM,iLanen duyRuLur.. 
",0
"ergenim ben tamam mı? Turkcell'in kalıplarına tüküreyim,o dedi. Bok mu vardı ki şimdi uğraştım? Tamam sakinim. Evet. :| 
",0
"evet o.c tcell 10 aydir bole! 
",0
"#hayatpaylasincaguzel 3G m calismiyor turkcell duy beni 
",0
"evett katılıyorum mehmetcim turkcell in cekeme gücü mükemmelll :( hic bi yerde cekmio..!! 
",0
"evimde #turkcell hiç bir şekilde çekmiyor.. incelenmesi için ne yapmam gerekiyor acaba? teşekkürler. 
",0
"eğer ayın 26sında hala eline ulaşmayacaksa, 16sında geliyor diye reklam yapma turkcell. 
",0
"faturala, müsteri uyanık cıkıp hakkında ısrar ederse uzatmadan faturadan düş. Ben uzatmadım, cunku Türkiye'de artık 
",0
"faturali hattima hic bir indirim hediye alamazken 20 tl yukleyen hazirkartliya milyonlarca dakika hediye 
",0
"faturalı hattı mı konturluye çevirdim. Extradan 2 ay sonra fatura geldi onuda ödediğim yine fatura geldi Kapitalizm=Turkcelll 
",0
"film ızlıyordumm :( görmedim ve suan sinirlıyım turkcell oyalıyor hep beni 
",0
"firma ciddiyetine inandığım türkcell maalesef 3 aydır öyle problemler yaşattıki,ve maalesef tek muhatabınız müşteri hizmetleri 
",0
"gece gece engelde yediğime göre rahat rahat uyuyabilirim	
",0
"gece gece milleti ne  ispiyonladım la harbi çok ibneyim dafjdsfd	
",0
"#hayatpaylasincaguzel : Dünyanın özel iletişime en çok vergi veren kerizi olmak istiyorsanız tabii ki adresiniz Turkcell olsun! :) 
",0
"gece gece yemek fotosu atanlar kaşardır aksini idda eden orspu 		
",0
"gece gece öğrendim çok sevmenin suç olduğunu	
",0
"gece saat 01.24 bu kalp sana hasret be Cardozo	
",0
"geceleri moralim bozuksa yemek yiyorum, yemek yedikçe moralim bozuluyo. bu döngünün sonu 110 kiloya gider böyle.		
",0
"gerçekten cok tsk ederim 2 gündür hattımı kullanamadıgım için,sistemlerinizin.neyse kötü oldugunu söyliyim yeter 
",0
"gerçeği görmek çoğu zaman zordur para verip sinemaya gidip gerçeği görmeye herkes katlanamaz. katlanamayanları yorumlarından zaten anlıyoruz 
",0
"gördüğüm en adi şerefsiz kurumsunuz 
",0
"hakketten ya turkcell e sinir oluyorum :) 
",0
"her gece annemden gizli ağlamaktan bıktım.	
",0
"her gece daha yorgun	
",0
"#hayattansogutanseyler  turkcellin çok pahalı olması. 
",0
"iki kez denedim bişeyi paylaşmayı sürekli hata verdi vay anasını! sıçıyım internetine türkcell 
",0
"insanların mutluluk ve huzur vereceği garantisi yok maalesef	
",0
"kabiliyet yoksunusun 
",0
"kafayı yemek üzereyim		
",0
"kalan sms:1980  bitiş tarihi:8ocak - OÇ SUN TURKCELL 
",0
"kameram bozuldu hafiza yerle bir oldu resim cekip gonderemiyorum lutfen bana bir cihaz hediye edin magduriyetimi arz ediyorum :) 
",0
"kamil koç-türkcell 1 bilet alana 1 bilet bedava kampanyası kocaman bir kandırmacadır...AYIP !!! 
",0
"kampanya iptali teyidi için 2 gün telefon etmesi beklenilen, sinirlenince hattı iptal etme başvurusunun 10. dk.sında arayan firma 
",0
"kontör yüklediğim anda bitiyo sikicem ha napıyo bu turkcell 
",0
"kontörlü hatlardan vergi kesilmeye başlaması da yeni adetiniz olmalı...! 
",0
"#hayattansogutanseyler ""Dur bir mesaj ataLim sevgiLisinden zannetsin."" diye mesaj atan turkcell 
",0
"kubat lı turkcell reklamı nasıl mı? bok gibi o kadar nefret ediyorum ki çıktığı gb kapatıyorum.. Syn Ciliv sen böle hatalar yapmazdın ama! 
",0
"küçük kuzenime neden yere çöp attın diyip yararlı bir abla olmak istemiştim ki sana mı sorcam diyip arkasını döndü ve götünü salladı	
",0
"kıza tiyatroya gidelim madem bigün devlet tiyatroları ucuz diorum aaaa gnctrkcll yok mu orda da diyo!  ne düşünüosun bu konuda? 
",0
"la bebe siye gece gece uğraştırma beni	
",0
"la ne gudubet bir hafta	
",0
"millet gece sevgilisini arar ben yatakta kaybolan telefonumu arıyorum bakın bu dramdır	
",0
"mutluluk bile acı veriyor çünkü sonu var biliyorum.	
",0
"mutluluk bize spam atmış	
",0
"mutluluk deyince aklıma hiçbir şey gelmiyor		
",0
"mutluluk diye bişey yok	
",0
"""10 mb limitsiz"" internet bağlantsına kota koyan zihniyeti kınıyorum  #superonline 
",0
"#hayattansogutanseyler onemli bir mesaj beklerken gelen msjin turkcell den olma kafasi. 
",0
"müşterilerinizi cekim gücünüz gibi kaybedeceksiniz... #turkcellcekimgucu #FF 
",0
"of bu nasıl bi gece çok kötü ama en kötüsü değil	
",0
"oooffff.. gece gece naptın be @istanbulfm886 bu şarkı her defasında beni benden alıyor..	
",0
"oooffff.. gece gece naptın be @istanbulfm886 bu şarkı her defasından beni benden alıyor..	
",0
"sinir krizi geçirmek için güzel bi gece	
",0
"sizin için uyumadım gece taymlaynını bekledim gerizekalı gibisiniz şu an çok pişmanım	
",0
"superonline hayrına aramaz pek. bence aç yüzüne kapat :)) 
",0
"tam böyle yatmaya hazırlanırken burnuna yemek kokuları gelir uyuyamazsin yaa iste en buyuk acı bu olsa gerek		
",0
"tatil dediğin de göz açıp kapayıncaya kadar bitiyor bak. İyi Geceler	
",0
"tikky kızlar için mimiksiz selfie çekip altına 'Bahar geldiğinde mi ben böyle olurum yoksa böyle olduğumda mi gelir bahar' yazma vakti.	
",0
"#hayattansogutanseyler uykunun en guzel yerinde Turkcell'den mesaj gelmesi. 
",0
"uyuyamadim amk ne sıkıcı bi gece	
",0
"varamaz gecenin farkına varamaz uyuyanlar https://t.co/tdCZCD0rLT	
",0
"vur uykuma zincirleri dursun anlar,	
",0
"yada ceremesini ben çekiyorum. Sanırım artık 13 yıllık Turkcell hizmetini değiştirme vakti geldi. Vadafone haklı galiba.. Pess.... 
",0
"yarın turkcell'i basalım o zaman 
",0
"yarısını kaçırdım @nevzatcicek inşallah tekrarı vardır bu gece.. yada yakında	
",0
"yaz elsin tatil yapayım istiyorumm artıkk puff	
",0
"yaziklar olsun Turkcell yaziklar olsun Armes Group 
",0
"yeni aşk hayatında mutluluk filan dilemek mi bak sakın 	
",0
"yeni yila hic bir sevdigimi arayamayarak muthis bi giris yapmami sagladiginiz icin tesekkurler. Acin artik hattimi ltf. Opt. Bye. 
",0
"#keske TURKCELL 2 ve 3 Gb internet paketlerini de hizmete sunsa da bende limitimi doldurdugum ve EKNET de alamadigim icin magdur olmasam!!! 
",0
"yeni yılda daha uygun internet paketleri bekliyoruz turkcelden. 
",0
"yine bütün TİMlerin yepyeni tabelaları değişiyor. bu ne israf ya vergiden mi düşüyorsunuz napıyorsunuz ? anlamadım 
",0
"yine mi turkcell reklamı :D 
",0
"yok arasaniz ne olacak bilmiyorum 3 saattir baglanti kuramiyorum yine wifi deyim bir de vinn diyosunuz kanser olur insan 
",0
"yok bu kadar reklama göre uydu hızında sanırsın 
",0
"yok cnm Turkcell hep öyle malesef:S	 
",0
"yok dava acmam terk ederim 	 
",0
"zamanında millet bbgyi kınardı özel yaşamı öldürdü diye şimdi herkes kendisini göstermenin derdinde çok ilginç =) 
",0
"zaten 4 çeker diyip metroda çekmeyen tek slogana sahip :( 
",0
"zaten iletişim kalitesi çok kötü. Ben hiç memnun kalmadım Avea dan. Türkcell pahalı hizmet iyi 
",0
"#osesturkiye Hol. The voice'daki Vodafone red roomdan sonra #Turkcell 'in sarı odası pek bir şahsiyetsiz kalmış.#Acun 
",0
"zehir zıkkım bir gece daha	
",0
"zuzu turkcell 2 gündür mesaj atmıyo kesin baska biri var :( 
",0
"Çalış. Çünkü sen öğrencisin. Çünkü duyguların yok. Robotsun çünkü. Hayatının baharında sadece derslerine çalış. Aşık olma. Gezme. Dolaşma.	
",0
"Çirkin şansı diye birşey yok arkadaşlar, kendimden biliyorum.	
",0
"Çok abartıldığı kadar bir film değil. Hele kesinlikle Yılmaz Erdoğan ın en iyi filmi değil.  
",0
"Çok pisliksin türksel -.- 
",0
"Çok şükür! superonline ile problemim çözüldü. 
",0
"Çözüm varmı bizde hala superonline çözüm bulamadı :) 
",0
"Çüşşşşşşş turkcel sms paketını 14 tl yapmısssssss ohaaaa yanı napmaya calısıyosun sen turkcelll! 
",0
"Öf be amip Turkcell sinirlerimi bozuyosun ! 
",0
"#parasineyseverelimde türkcell boş yere ikide bir mesaj göndermesin!!! 
",0
"Öf sıkıcı bir gece amk	
",0
"Öl turkcell, öl ! 
",0
"Ölmeden önce söylenen son sözler; (calisilan sirket turkcell)Sayın patron arkadaşlarla birlikte topluca vodafone'a geçiyoruz (toplu katliam) 
",0
"Ömrünün baharında yarım bırakılmış insanlar gibi... http://t.co/KVkpT2Zotw	
",0
"Önce bedava dakikan bitti dedin, sonra hiç eksilmeyen bir 589 dk. verdin, şimdi de 55 dakikan kaldı diyorsun.N'apmaya çalışıyorsun Turkcell? 
",0
"Önce iletim raporu geliyo sonra bakıyorum iletilmedi beklemede. Turkcell sen benimle dalgamı geciyosun acebaa? 
",0
"Önüne GeLene Unuturum Demek KoLay !!.. -Sana Bişe Söleyim mi ? Karşına Geçsem , Unuttunmu.. ? Desem.. -Ruhun donar    SeLoCAn 
",0
"Öyle bir yerdeyim ki şimdi ne seni sevebiliyorum ne senden başka birini.	
",0
"Öyle çok şey istemiyorum bi tutam sevgi ve birazcıkta mutluluk istiyorum artık yaaa	
",0
"Özgecanımızı unuttun mu Fatih Abi Bu olanlara insanın aklı #yetmiyor dimi ? 
",0
"#parasineyseverelimde Şu turkcell reklamlarından kurtulalım be hacı ! 
",0
"Öztürk tiplemesi bile Turkcell'i sevmemek için bir sebep aslında. 
",0
"Özür dileyip pişman olanlara daha çok kızdığımız doğrudur.  Bu gece de bu salaklara yakacağım bir adet sigara.	
",0
"Öğrenmek istediğiniz numara Turkcell numarası değildir diye bi mesaj geldi sanırsam numarası taşıyanlardan biri... siktir et uğraşamam ya... 
",0
"Üç günlük dünya için gayret üstüne gayret,Ebedi bir yaşam için gayret yok hayret. 	
",0
"çalarken dinletlerde Blues müzikler niye yok?! 
",0
"çekirge ssk civarlarında türkcell sıçmış durumda  tek diş hat var be utanç verici bir durum utandım ben şahsen: 
",0
"çok sıkıldım bu Turkcell den, ayrılsam kime geçicem hepsi aynı bok :( 
",0
"çok üzülüyorum sana bir bilsen sana özel iyi geceler mesajı atıcam 
",0
"çorlu merkezde 3g yayını var iken 24 ay abone olarak multivinn aldım.20 gün sonra 3g kesildi.nedenin sordum ? şu anda öyle dendi ! 
",0
"çözüm merkezi lütfen duyun sesimi ve beni arayıp sorunumu çözün artık 48 saat olcak !!! 
",0
"#parasineyseverelimde şu kubatın olduğu turkcell reklamları bi kalksın 
",0
"çünkü bende maalesef 11 yıl o kazıkçı operatörde (turkcell)kaldım ordan biliyorum:) 
",0
"ödediğimiz tel faturalarının %25'i KDV, %18'i de ÖİV. Yani devlet turkcell hep beraber geçiriyor anlayacağın. 
",0
"ölümün soğuk nefesi hissettim	
",0
"ömrümü yiyen iki şeyden biri turkcell -.- 
",0
"ön ödemede değil cekim gücünde sorun. Hayat cam kenarında telefonla konuşurken guzel 
",0
"önce beni araması gerkiyormuş :D bunu TİM'de söylediler. gülsem mi ağlasam mı ne biçim hizmet anlayışı ??? ekimden beri... 
",0
"önce ttnet sonra Turkcell sinirden kafayı yedirttiniz be bana 
",0
"önerisi ile faturalı hatta gectim tarifem 500 dk 19,00 tl olduğu dışında bişey söylenmedi, Aralık 27 sinde 43,60 tl lik faturam 
",0
"önümde farklı boyutta 4 ekran, sözde internet bağlantılı 3 alet; 1 biri çalışmıyo 1 biri. turkcell d ttnet d internet isini çözemedi gitti. 
",0
"öyle ama avea igrenc ya. Bi kere arkadaslarim turkcelli 10.000 sms fln var.	 
",0
"#parasineyseverelimde şu turkcell günlük 167 sms yapmaktan vazgeçsin 
",0
"özetle bu akşamımı rezil eden VODAFONE dan artık nefret ediyorum. Turkcell de kazık mazık ama hakkaten kaliteli. donmek gerekiyor 
",0
"öğlen attığım mesajlar şimdi iletiliyor.oha turkcell 
",0
"İki gündür aynı saatte telefonumun bağlantısı komple gidiyor vs...Sıkıntı oluyor.Canımı sıkma turkcell!Şuanda 3G yok meselâ! 
",0
"İnadına yapar gibi ne kadar yemek reklamı varsa koymuşlar televizyona		
",0
"İnsanlarının önünde dans etmek mutluluk veriyor diye beni bir anda basit bir teşhirciye dönüştürüp yeteneğimi sıradanlaştıramassın ki. Duru	
",0
"İnsanın evrim geçirerek ulaştığı en iyi organının mutsuzluk,en az evrim geçiren yerinin organının mutluluk vermesi ilginç.Evrime karşıyım...	
",0
"İnternetim tarihinde hiç bu kadar yavaşlama görmemişti! Sağol Superonline gözlerinden öpüyorum!... 
",0
"İnternetime yaklaşık 2 haftadır dümdüz sövüyorum hemde öyle böyle değil,sanırım artık SuperOnline zamanı geldi.. Üzgünüm UyduNet 
",0
"İyi gece üstü kapalı bir küfür gibi..	
",0
"İçim daralıyor,ferahlık ver, huzur ver,sabır ver sen Allahım....	
",0
"#simdikiaklimla  tim 'den taahhütlü cihaz almazdım... 
",0
"İş çıkışı cafe de  bir yorgunluk kahvesi içmek güzel görünüyor deyilmi. Aslında bok gibi amnkym	
",0
"ınternet paketım bıtmek uzere ya 1 ay bıle olmadı turkcell allah belanı versın 
",0
"ısık hızında oldugunu ıddıa ettıklerı ınternetı 8 gunde baglayamıyorlar 
",0
"ŞAİBE,ŞİKE,FENERBAHÇE #3kelimeyle2011 
",0
"Şafak Türküsü Gece Hüzne Eş. ..	
",0
"Şimdi  Turkcell için Özcan Deniz'den geliyor: ""Sen beni öldürcen mi, çıldırtcan mı canım?"" 
",0
"Şimdi uzaklardasın... http://t.co/rhDIie6d…		
",0
"şerefsiz onursuz tamamen kapitalist ve hileci bir firma sizi ödemeli ariyorlar ya ilave çalıyorlar 29 krs 
",0
"şikayet kaydı açtırıyorum 48 saat arayan arkadaş 30 saniyede işlemimi yapıyor.yine aynı şey oldu 48 saat daha.. 
",0
"şu 3 günlük superonline deneyimim sonucu söyleyeyim: öyle bişey yok. :) 
",0
"#superonline abone olmak isteyen arkadaslarim oncelikle benim tecrubelerime basvursunlar. Eminim cevirmeli modemle baglanacaklardir. 
",0
"“Bir özlemdir... Gece... Ve... Hüzündür... Durur yürekler... Aynı divana... Saf saf... Hasretliktir... Sessizce... Sevgiliye. Ey Aşk...""	
",0
"""183"" umarım bu rakamın sonunda ""tl"" ibaresi yoktur :-) Turkcell deyince aklıma sadece fatura geliyor :-) 
",0
"#superonline cilar beni dinlemeyip yine o anlasmali sitelerden test yaptilar. Sonuc husran! 20 olmasi gereken hiz zor bela 8 cikti. 
",0
"#superonline ekip yollamis.Hizima carrima curruma bakiyor.Yaptigi ilk sey hiz testi yapilan web siteleri. O site sonuclarini kabuletmem dedim 
",0
"#superonline fiber internet 'in Adil Kullanım haksızlığına sessiz kalmayın. Emsal karar çıktı:   RT! 
",0
"#superonline yalan atmasanız iyidi söz veriyosanız tutmalısınız isminiz çalışanlarınız yüzünden zarar görüyor . 
",0
"#superonline yine birincil dns sunucusu hatasi verdi baglanamiyorum 
",0
"#superonline çalışanıyla birde davalık oldum,tamamen usülsüz bilgilendirmeyi ses kaydıyla ispatladıgım için birde dava açtılar bana :) 
",0
"#ttnet 75tl fatura oduyorum ona uyuz oluyorum 
",0
"#turkcell #avea Ariköy sitesi akkavak sokak no 11 uskumruköy sariyer'de telefon cekmiyo, 1 aydir ariyorum sizi bi vericiyi tamir edemediniz 
",0
"#turkcell #vodafone #avea Turkcell Gold Plus Paketine Alternatif arıyorum arkadaşlar. Lütfen yardımcı olun :) #Turkcell 'den bıktım. 
",0
"#turkcell 32.000.000 adamı memnun etmek kolay değil biliyorum ama, şu bizim Yaşamkent'teki baz istasyonlarını bi halletseniz şık olmaz mı? 
",0
"""Aradiginiz kisi baska bi görüsme yapiyor."" diyecegine kiminle görüsüyor onu söylesen gözüme girebilirdin tcell! 
",0
"#turkcell BASINKÖYde ""0"" çeker!!! hayat paylaşına güzelmiş hepsi yalan!! 
",0
"#turkcell Turkcell çekmiyor arkadaş kim ne derse desin, ' Duyuyor musun? ' ' Alo? ' ' Pardon telefon kesildi ' hep aynı 
",0
"#turkcell adam gibi saatlerde mesaj atmayı öğren artık! 
",0
"#turkcell adinda bir telefon operatoru var.deli dumrul dan besbin beter.Para carpmanin adi #turkcell olmus.eline ver kolunu kurtaramiyorsun 
",0
"#turkcell amacın ne olum sapığım oldun her gece her gece arayıp duruyosun ben de ciddi bi şekilde açıyorum efendim diye bi git allasen ya 
",0
"#turkcell bi kendine gelsen artik! Normalde 3g ceken yerlerde neden edge? 
",0
"#turkcell bilgi mesajları bokunu çıkardı ama gece gecede bu kadar yüklenilmez ki... 
",0
"#turkcell biraz daha bonkör olabilirsin. 
",0
"#turkcell bu ay ki giderlerini bugun benden carptigi paralarla yapacakmis. 
",0
"#turkcell den tiksiniyorum 3G fln hak getire artik.. Reklam kampanyalariyla insan etkilemeye calismaktan bska bi ise yaradiklari yok!!biktik 
",0
"""Ayda saaaadece 20 liraya her yöne 200 dakika artııı 100 SMS veeeee tam tamına 100 mb internet""diye reklam yapan türkcell ne kafası yaşıyor? 
",0
"#turkcell her yerde 4 çeker diye hava atma hala Kinaliada açıklarında çekmiyor telefon 
",0
"#turkcell i ariyorum beni yanlis bilgilendirdiniz sikayet etmek istiyorum diyorum musteri temsilcisi mealesef diyor yok boyle bisey 
",0
"#turkcell kadar serefsiz bi operator daha bilmiyorum :/	 
",0
"#turkcell kampanyaları içerisndeki süpriz fatura #hayattansogutanseyler den biri olarak değerlendiriyorum konudan müzdarip var mı? 
",0
"#turkcell koca #baskentuniversitesi kampusunde hala edge takilioruz... Yakismadi bu sana 
",0
"#turkcell paylasinca guzel degil,carpinca guzel. 
",0
"#turkcell seni Allah'a havale ediyorum. 
",0
"#turkcell senin yüzünden sevglimle rahat konuşamıyorum -_- defol ! 
",0
"#turkcell wc'deki çekim gücünle beni ergene bağlatacaksın yani bunu diyorum benden kork. 
",0
"#turkcell çık hayatımdan. 
",0
""" Silgi tozlarını biriktirip, onları yuvarlayarak uzun bir ip yapanlar var mı aramızda? :) Haydi RT edin!"" Cocukken evet :D 
",1
"#2012hayallerimin ilk sırasında aylardır söyleyip durduğum gibi numaramı Turkcell'e taşımak var. Hayal olarak kalmasın ama. Nioğğlur. 
",1
"Aşkımla güzel bir gece https://t.co/UAwnc1ltbx	
",1
"Babamın yüzündeki o mutluluk herşeye bedeldi.	
",1
"Bahar  geldi.Hoşgeldi... http://t.co/nWJLLD7jyp	
",1
"Bahar cocuklari ;) https://t.co/SxQKxQnKo9	
",1
"Bahar değil, âdeta bir yaz günü.. (@ Mavi Yelken in İstanbul) https://t.co/clIwGyEg4U	
",1
"Bahar geldi dersler deniz kenarina alindi;) (@ Tarihi Çınaraltı Aile Çay Bahçesi in Üsküdar, Türkiye) https://t.co/7hkHAhdeRM	
",1
"Bahar gelince bey öğrencilerimizin italyan modasına uygun giyinmeleri çok hoş diyen mericin agzını yicem	
",1
"Bahar gelmis hoş gelmiş http://t.co/oGShc1nXHA	
",1
"Bahar kendini gösterdi! Bu güzel havayı sağlıklı bir yürüyüşle değerlendirmek lazım :)	
",1
"Baharı cok seviyorumm  https://t.co/v9nnVuOtyz	
",1
"#2012tahminleri Turkcell'deki sesli komut anlama sistemi hayatın her alanına yayılacak. 
",1
"Baharım <3 ... Yenekli öğrencim <3 https://t.co/Mob81LECyC	
",1
"Bazı insanlar huzur kokuyormus	
",1
"Bazı insanların varlığı bile mutluluk sebebi.	
",1
"Başarılarılarını kıskanmadığınız aksine gerçekten mutluluk duyduğunuz insanlar sizinle olsun	
",1
"Beklemedigin bir anda beklemedigin bir şarkıyla yüzünde bir tebessüm belirir de icine mutluluk dolar ya hanı iste dersin o zaman iyi ki :))	
",1
"Ben artık korkmuyorum, her şeyde bir hikmet var.. Gecenin sonu seher, kışın sonunda bahar......	
",1
"Ben ki her nisan bir yaş daha genç  Her bahar biraz daha aşığım ☺ Kadir http://t.co/zf9eRHyq84	
",1
"Bence film çok hoştu ne bekleyerek gidiyor beğenmeyenler anlamadım. 
",1
"Beni affet bu gece	
",1
"Benim teyzem gibisi yok bir bir bitane   http://t.co/O87PdsEooC	
",1
"#3kelimeyle2011 Gelecek Güzel Gelecek 
",1
"Beyaz show da Zara  mukemmelsin bu gece	
",1
"Bi Turkcell , bi de Coca-Cola reklamları beni derinden etkliyo lan 
",1
"Bi turkcell calisani olarak soylemek istedim Superonline=Turkcell ,hizmet kalitemzden hic suphe yok:)tabiki superonline 
",1
"Bilmediğim acayip turkcell numarası;şu kontorsuz ve dar zamanlarımda mesajlarınla bana destek olduğun ve yalnız bırakmadığın için teşkürler. 
",1
"Bir Acar dünyaya geldi bu gece :) Amcamın oğlu oldu allah analı babalı büyütsün inşallah ☺️☺️	
",1
"Bir başka mutluluk müjdeliyor sanki çiçekler.	
",1
"Bir insanın yeter ki kalbi büyük olsun inanın başka hiçbirşeye ihtiyacı yok	
",1
"Bir kadın güçlüdür aslında. Hatta erkeklerden çok daha güçlüdür; Ama ister ki, erkeğin gücü kendisine huzur versin.	
",1
"Bir kızın tipine bakarak instagramının kilitli olup olmadığını anlayabiliyorum	
",1
"Bir mutluluk var ki gülüşüyle verdiği , sanırsın Tarsus il olmuş.	
",1
"#3kelimeyle2011 basarı, performans, keyif... 
",1
"Bir parça tebessüm yıllarımı karşılar	
",1
"Bir ses bu kadar mı huzur verir	
",1
"Biraz vicdan, Biraz bahar, Biraz yağmur, Birkaç kitap, Az geçmiş, Biraz hayal, Çokça umut, Herkese iyi gelir…	
",1
"Birde sabah uyanınca sevdiğin insandan gelen uzun mesajın verdiği mutluluk var. Varmış yani ben bilmiyorum da duydum.	
",1
"Birden mutluluk geldi	
",1
"Biri var o varken buralar hep bahar	
",1
"Birileri eline telefonu aldığında ilk sizi arıyorsa ne mutlu size. Mutluluk sevdiklerinizle paylaşılır , acılar en sevdiklerinizle Kaldırılmış el	
",1
"Birkaç yıldır dinlemediğiniz bir şarkıyı duyduğunuz an gelen mutluluk hissi.	
",1
"Bizim köye bahar gelmis anne Zafer işareti #papatya #bahar #pembe #huzur #burda @ Borlu, Manisa, Turkey https://t.co/EGfU0j7qG8	
",1
"Boyle basit bir dunyada sen benim icin cok ozelsin	
",1
"#3kelimeyle2011 enbuyuk ask, sagLlk,en cok egLence (: 
",1
"Bu Turkcell cok iyi lan.Durduk yere mesaj atıyor, kampanyalarıyla mutlu ediyor falan.Sevgilim gorup kıskanır umarım. 
",1
"Bu Turkcell ile  aramız her ne kadar iyi olmasa da böyle hediyeler verdikce gözüme giriyorlar :D 
",1
"Bu Turkcell pusula uygulaması iPhone kullanıcıları için büyük nimet. Oturduğum yerden nöbetçi eczane kaç metre ötemde bana söylüyor. 
",1
"Bu Turkcell'de çok terbiyesiz ha , heryerde çekiyor. 
",1
"Bu gece başka güzell 	
",1
"Bu gece de #BeyazShow harikaydı.	
",1
"Bu gece depresyondan değil heyecan ve mutluluktan uyuyamıyorum	
",1
"Bu gece düşlerim dehşetli güzel	
",1
"Bu gecede bunla iyi geceler diyoruz :) esen kalın	
",1
"Bu nasıl bir mutluluk Allah'ım şükürler olsun.	
",1
"#3kelimeyle2011 süper bir yıldı. 
",1
"Bu yatak bu kadar huzur vermeyi nerden öğrendi	
",1
"Bugun turkcell bana kiyak geciyor :) 
",1
"Bugun turkcell cagri merkezini aradim, resmen buyulendim tebrikler #turkcell 
",1
"Bugunde onunlaydim hergun daha bi mutluluk olusuyo icimde	
",1
"Bugunku mutluluk sebebiiiii http://t.co/uGhDKj0AyI	
",1
"Bugün Turkcell tarafından çekilişe katıldığım için tebrik aldım. O zaman anladım ki benim içinz, için büyük bir adım atmışım. 
",1
"Bugün kırlangıçlarda geldi tam bahar oldu.. http://t.co/Dk5GpA6Ipb	
",1
"Bugün siyasete bahar geldi... Cumhurbaşkanı bisiklete bindi, Başbakan Galata Köprüsünde balık tuttu... böyle görüntülere ihtiyaç var	
",1
"Bundan sonrasını onlar düşünsün biz gayet memnunuz vodofondan. 
",1
"Burda da Turkcell olaydi iyiydi. 
",1
"#3kelimeyle2011 şamata gırgır eğlence :D 
",1
"Büyük ödül Turkcell Teknoloji'ye 
",1
"Canım allah yukardan mutluluk indirdi galiba	
",1
"Ciceklerim mis gibi baharı getirdii:) @TweetinFatihi tesekkur ettim:) http://t.co/WEGoUj4kpp	
",1
"D&R'a gel, kitaplığına bahar gelsin. #bahar #indirimi https://t.co/wHSqaPdA39	
",1
"Damarımıza dokunan bir konu. ama tarafsız işlemiş yönetmen konuyu. bence kesinlikle gidip izleyin. ve şunu da belirteyim, mutlaka sinemada izleyin. 
",1
"Dün dayanamadım yine gittim filme yine ilk kez izlemişim gibi çok etkilendim. 
",1
"Dünya bir yana sen bir yana:) http://t.co/2qVqCIrChu	
",1
"EN İNANDIRICI MARKA YİNE TURKCELL HER ZAMAN TURKCELL 
",1
"En iyisi   düşünmen bile vakit kaybı :D 
",1
"En pıtırcık mevsim bahar •°•°	
",1
"#BeyazShow Neşe Eğlence Komedi Kahkaha Mutluluk Demek Beyazıt Demek adamın Hası O kadar net		
",1
"En sevdiğim şarkı kubat'ın hayat paylaşınca güzel şarkısı. En son aldığım albüm, kubat'ın ""hayat paylaşınca güzel"" albümü. 
",1
"En sevdiğimle, en sevdiğimiz yerde :) #sesimseninleolsun #bahar #papatyalar #seğmenler @ Seğmenler Parkı https://t.co/r5B4rAn4gV	
",1
"En sonunda!!! Artik burda da Turkcell hattim calisiyooorrrr!!! :)) 
",1
"En yeni en iyi iPhone 4S interneti ile birlikte 99 TL'den başlayan tekliflerle Turkcell farkıyla.... 
",1
"Erguvanlar da açmış... özledim bir bahar havasını çiçek kokularıyla süslemeyi...	
",1
"Ericsson 688:) zamaninin en saglam ve sik telefonlarindan biriydi bence... 
",1
"Erken yatmanin verdigi mutluluk Tatli ruyalaaar	
",1
"Evet çok begendim 
",1
"Evimdeyim oh mis huzur dinlenme (@    Petek home   in Istanbul) https://t.co/CZGBtO8xrU	
",1
"Fatmayı çok seviyorum ya iyi ki tanıdım lan bize yemek yapıyo o olmasa açlıktan ölürüz.		
",1
"#BeyazShow Süpersin sen ya rütük Yaşadı bu gece 	
",1
"Fazla sevmeyeceksin abicim. Ben bunu der bunu bilirim. Aşk nefret gurur hırs mutluluk bunlardan hep bir tutam olacak.	
",1
"Film gerçekten çok güzeldi. Yapılmış en iyi Türk yapımlarından biriydi. Uzun zamandır bu tarz filmleri bekliyorduk.	 
",1
"Filmin son sahneleri beni çok etkiledi film bittikten sonra 5 dk. koltuğunuzdan kalkamıyorsunuz. 
",1
"Fragmanlarını izlediğimde çok beğenmiştim. Şunu düşündüm bu film Amerika yapımı olsaydı Levet Üzümcü Oscar adayı olabilirdi 
",1
"Gece 12-1 de maç yapması da ayrı bi zevkli ha.	
",1
"Gece 2 de eve gelip tost yapmak...	
",1
"Gece Olunca hep bi tweet atma isteği. Nerden geliyorsun böyle	
",1
"Gece cok nays	
",1
"Gece dinlenen müzik başkadır	
",1
"Gece esen rüzgar gibisi yok	
",1
"#BeyazShow mutluluk kaynagi	
",1
"Gece gece bari bu kadar reklam koymayın be	
",1
"Gece gece başladılar yine karamsarlığa daha 8 hafta var puan kaybeden tek takım biz değiliz her an her şey değişebilir az güvenin şu takıma	
",1
"Gece gece ciğköfte candır benzemez koma geneye (@ MAYDA's HomE) https://t.co/qekz9E4414 http://t.co/31RtF4qrJU	
",1
"Gece gece duygulandırdın anne  http://t.co/5PUkIMUyGO	
",1
"Gece gece iyi güldüm 	
",1
"Gece gece korku filmi izlicezz :D	
",1
"Gece gece mübaregide anmış olduk #BeyazShow @dembabafoot :)) http://t.co/syGdSH4inx	
",1
"Gece gece yapılıcak en kötü şey eski mesajları okumak. Oturdum geçen yaz almanya zamanındaki sohbetleri okudum da, ağladım ağlıycam :(	
",1
"Gece gezmeleri  http://t.co/inda4xtmXl	
",1
"Gece gezmelerindeyiz sizle ugrsmycm	
",1
"""Sanmasınlar yıkıldık,sanmasınlar çöktük;bir başka bahar için sadece yaprak döktük"" nice senelere BEŞİKTAŞIM...	
",1
"#BirazYiyecek biraz değil tam hazırlayın, temiz kaplarda yenebilecek şekilde su da hazırlayın,ölmezsiniz korkmayın,hayat paylaşınca güzel. 
",1
"Gece merhamet ister.Gelecek der durur.Gecenin yüzünü kara çıkarmaz sevdiğim.Kara sevdalara tutulan şu geceyi neyle teselli edeyim.Gel. k.s	
",1
"Gece ne kadar karanlık ve ürkütücü olsa da sabredersek gündüzü görebiliriz .. #FatihinEmanetiAyasofyaAçılsın	
",1
"Gece oldu yine şarkılar evrim geçirmeye başladı	
",1
"Gece tatlı bir hüzün gecesi #MüzeyyenSenar havasında #kanun notasi tadında. .	
",1
"Gece yarısı bir dua nice bin belayı def eder	
",1
"Gece yemek yemek zararlı olsaydı buzdolabının içinde ışık olmazdı.	
",1
"Gece ölür insan ve sabah dirilir. Her yeni gün yeni başlangıçları getirir. Gününü şifalandır. Affet ve özgürleş. Nms	
",1
"Geceleri  metabolizmam fazla çalışıyor benim yanlış ayarlanmış galiba gündüz acıkmıyorum gece olunca bir kuzu devircekmişim gibi	
",1
"Geceme huzur veren sen olduktan sonra varsın gündüzler savaş alanı olsun.	
",1
"Geldi bahar ayları gevşer gönül yayları :d	
",1
"#HandeYener süperdin. #VolgaTamoz 'de öyle. Bu akşam yalıpark yıkıldi. En güzel gece ❤	
",1
"Gerçekten güzel mi bu hayat? Yoksa bahar geldi ondan mı?	
",1
"Geçen yaz gün olur ararım diye otelden yürüttüğüm pamuk parçası bile anlık mutluluk sebebim oldu ya pes peeeees http://t.co/a2XvZLhLGm	
",1
"Gidin ve mutlaka izleyin. Recep ivedik ve kolpaçino severlerde uzak dursun çünkü bu film tarzı onların kapasitesini aşar...	 
",1
"Gripten nasıl kurtuluruz?: Abdi İbrahim, baharın gelmesine rağmen artan grip vakalarına karşı… http://t.co/6lrPukLyLL #takipleselim	
",1
"Gök mavi güneş sarı derken Outdoor eğitimine günler kala :)))))) mis gibi bahar kokuyor http://t.co/kcIeBrBlS7	
",1
"Gözlerine bakınca kendimi görmekten daha büyük bi mutluluk olamazdı sanırım	
",1
"Gündüz birasıyla bahar kutlu olmuştur	
",1
"Güzel bir bahar gününde daha çalışmanın verdiği mutluluk ile enstitüyü terkedebilirim! #iştebunlarheptez	
",1
"Güzel bir gece sonu... (@ Yenimahalle in Trabzon w/ @ugurmalkocogluu @mvolkanmemis @gurkannkurt) https://t.co/LqPVWKY5Pg	
",1
"Haftaya huzur bulmaya Seydaya.	
",1
"#IzmirAway i hic yazamıcak olmak bence mutluluk kaynağı. İzmirli olmak, Izmirde yasamak güzel. Nerden nereye bağladım konuyu :Dd	
",1
"Hani bir kitapta çok sevdiğin bir cümle olur, o kitaba bakınca yine okuyasın diye altını çizersin ya, bu kitabın her cümlesini çizesim var.	
",1
"Hava miss.. Bahar kokuyor (@ Dragos in İstanbul, Türkiye) https://t.co/lq5oZBReIL	
",1
"Havadaki bahar kokusu = mutluluk	
",1
"Hayallerim, yeryüzüne yansımış hilal ve yıldız ile baskına uğrar her gece.	
",1
"Hayattan 20lik dişi alin geriye huzur ve mutluluk kalir arkadaşlar. Net	
",1
"Hayatı zor olan adam sever huzur veren kadını.	
",1
"Hayatıma giren herkes bir mutluluk kattı, kimileri gelirken kimileri giderken	
",1
"Hayatımda değişik kararlar verildi bu gece.pazartesi itibari ile once kurtulmam gereken bir illet var onun icin ilk seans başlıyor.	
",1
"Hep bir ümit yüreğimde, Hep aynı cesaret, İçimden bir ses der ""sabret, sabret""... kalp	
",1
"Hep mutluluk mutluluk!! ;) http://t.co/pr0x7c35UF	
",1
"#MasqueradeClub Bu Gece İstanbul Bizden Sorulurrr :))	
",1
"Her anımın tadını çıkarıyorum yok böyle bi mutluluk 	
",1
"Her gece bir ölçek kürk mantolu madonnanız varsa alırım.  https://t.co/sHk1hiklNY	
",1
"Her gece bu saatlerde özlerim seni...	
",1
"Her gece dua eder oldum seni rüyamda görebilmek için be Yukarıyı gösteren işaret parmağı️	
",1
"Her gece duaların da olan, deli gibi sevdiğin birini unutmak mümkün mü?	
",1
"Her gece uyumadan birkaç sayfa Mesnevi..Kelimelerin sihrinde kaybolmakKalemGüzel ve huzurlu uyku..Herkese iyi geceler http://t.co/5vq9kgN4q7	
",1
"Her izlediğimde bir film ne kadar mükemmel olabilir diye düşünüyorum daha da iyisini yapıyorlar ilginç	
",1
"Her yazdığı doğru çıkan @fuatavni_f ınbu gece yazdıklarini her vatansever okumalı, uyanmalı	
",1
"Herkes vicdanını dinlesin bir kere herkesin vicdani bu cocuk hakediyor dedirtir aksin…	
",1
"Herşey bitti sandığımız yerde aslında yeni bir hayat başlıyor.	
",1
"#Mutluluk ""… Düşünsene birisi senin cennete gitmen için dua ediyor…""	
",1
"Hikayemdeki baş karakterin bana cevap vermesi kadar mutluluk verici bi şey olabilir mi?	
",1
"Hoplaya zıplaya sevinilesi bir hava var 	
",1
"Huzur dolu yɑrınlɑrɑ; berɑberce ulɑşɑbilmek ümidi ile iyi geceler millet! #uyumavakti	
",1
"IDATE raporundan ""Turkcell Superonline 2011'de sunmaya başladığı 1000Mbs hızında fiber internetle Avrupa'da sayılı operatör arasına girdi"" 
",1
"Iciiyooruuz her geceee her gece baska bir eglencee	
",1
"Internetim hizli diye siniftakiler film/dizi indirttiriyor mesela. Useniyorum. Neyse yariladim zaten. Eheh yasasin Superonline! 
",1
"Istanbul'a kavuştu bahar. Ne de güzel yakıştılar http://t.co/SXiNoueZrM	
",1
"Iyi yemek,  iyi şarap ve şahane sohbetin peşinde bir gece  daha  #bağzıaksamlarçokbeirut  biri #idealcumaakşamı mı dedi?  @sevdenurcagan	
",1
"Kahve Dünyasından 1 kahve alınca 1 kahve bedavaymış. Sadece bana özel bir kampanyaymış. Nabza göre şerbet veren sevgili gibisin be turkcell. 
",1
"Kahve dünyası ile yaptığınız kampanya süper hiç bitmesinnn:seviyorum seni turkcell):):) 
",1
"#PazarlamaKonferansi Turkcell ile yine cok keyifli bir konferans baslamak uzere. 
",1
"Kalite ortada #turkcellfestival 
",1
"Kalp kalbe karşı, şimdi Superonline'ı aradım. Hizmet ve fiyat en iyi oradaymış. 
",1
"Kamil koç un Turkcell kornası güzel olmuş :) 
",1
"Kardeşle muhabbet #gece #cuma #sohbet #kardeş #yusuf 	
",1
"Karnım doyunca bende ki; mutluluk, huzur, hayata yeniden dönme sevinçi ☺️☺️☺️☺️☺️	
",1
"Karnımın acıkması bu saatte yemek yemem için büyük bi neden bence kilo da almadığıma göre düşmanlarım çatlasın ahahay 		
",1
"Karşim iyiki doğdun Yeni yaşın sana sağlık, mutluluk ve bol handeli projeler getirsin  @adibileyok http://t.co/OvKHqjcLk8	
",1
"Keremin gülüşü kelimeler yetmez anlatmaya yazdıklarımı görsen keşke iyiki varsın? @KeremBursin  #MutluluğunTekFormulü 
",1
"Kesinlikle izleyin pişman olmassınız. Öncelikle görüntü yönetmenini tebrik etmek istiyorum gerçekçiliki açılar muhteşem tam bi görsel şölen. 
",1
"Kokoreç asıl gece yenilince güzel.	
",1
"#SampiyonlukSarkisiDusmesinDillerden test edildi onaylandı, CİMBOM 4 çeker ;) futbol gol atınca güzel, la lala la lalalalalala :D 
",1
"Lavantanın mevsimindeyiz. Kokusu muhteşem. #flower #landscape #istanbul #mor #purple #lavanta #bahar… https://t.co/b3OIJzbVV7	
",1
"MUTLU KEYİFLİ PAZARLAR İZMİR.... 
",1
"Manga Konseri harikydı.Acun Ilıcalı'ya,Manga'ya ve Turkcell'e teşekkür ediyorum. 
",1
"MemLeketimin güzeL İnsanLarı	
",1
"Memleketime bahar gelmiş her yer yeşillik insan etrafa baktıkça içi açılıyor hava mis	
",1
"Mesela yarin gorecegini bilerek uyanmak mutluluk sebebi.	
",1
"Mutlulugu baskalarinda aradim bulamadim sonunda yine sana geldim Turkcell'cim,anladim senden baskasi yalanmis.. 
",1
"Mutluluk gözyaşları nedir ben onu bu gece doya doya tattım biriciğiim :))))) 	
",1
"Mutluluk hep bizimle olsun 	
",1
"Mutluluk sebebim diyebilirim.	
",1
"#Superonline müşteri hizmetleri gerçekten hızlı bir şekilde sorunumu çözdü. 
",1
"Mutluluk sebebimsin be	
",1
"Mutluluk sınırlarımı aştım resmen	
",1
"Mutluluk, gnctrkcll kampanyasını bilmeden iki kişi kahve dünyasına gidip, kahve içtikten sonra ikincisinin bedava olduğunu öğrenmekti bugün. 
",1
"Nasıl bir mutluluk bu kalplerimiz bir atıyor ,bana sarıldığında sadece sen ve ben varız, aklım ,fikrim sende ...A.E.	
",1
"Nasıl diyim mutluluk kaynağım	
",1
"Nasılda özlemişim ya :) #nida #benim #dostum #canım #biriciğim :)  bir kuzenden daha… https://t.co/TUSKmjTdRP	
",1
"Ne kadar güzel sohbet ediyoruz gece gece http://t.co/99AyV9F4Yu	
",1
"Ne propoganda ne nefret var %100 gerçekler gerçekten uyuyanlar varsa bu film sizi uyandırcak yeni bir Nefes alcaksınız kesinlikle gidin. 
",1
"Neyseki yarin tatil 	
",1
"Nihayet bahar geldi ☺️ #caddebostan #sahil #sunny #day #saturday #relaxation #beach #sea #weekend https://t.co/xDU5Ohfuyr	
",1
"#TribünAnıları inönü'ye ilk gidiş 2004/2005 beşiktaş - samsun maçı carew'le el tokusmam ne biliyim mutluluk vericiydi :D	
",1
"Nihayet temiz ve akıcı bir canlı yayın izleyebiliyoruz. Tebrikler... 
",1
"Nikon D5000 ile bağlan hayata.. 70-300 ile uzakları yakınlaştır.. :) 
",1
"Nolursa olsun turkcell candır :) 
",1
"Numaranı Turkcell'e taşımanın tam zamanı! 20 TL yükle aylık her yöne 250 dakika bedava konuşma kazaniyorsun :) duyduk duymadik demeyin :D 
",1
"OH BE!! Cok mutluyum :) 150 dakıkam ve 5300 sms verdi turkcell :) 
",1
"OY VERSRSENİZ MAKBULE GEÇER GENÇLER :) 
",1
"Ofsaytı biliyorum , pes oynamayı biliyorum , yemek-temizlik desen on numarayım eeee eksik olan ne ?		
",1
"Ohaaa bedava dk kazandim la. Canim Turkcell.(Biri bu ani not etsin,bir daha bunu ayik kafayla demem) Onumuzdeki 4 Cumartesi 60 dk'm olacak ^^ 
",1
"Ouuuvvvvv bahar gelmiş! Hiçbir şey yapmamak için harika! =))	
",1
"Papatya kesinlikle dünyanın en güzel çiçeği. Hiçbir şey beklemeden, sadece baharı müjdelemek için açıyor.	
",1
"#Turkcell farketmeden yaptığın bedava konuşmalarını seviyorum devam et;) 
",1
"Parasi onemli degil turkcell iyi :D 
",1
"Parkta Güzel Bir Gün.. Tiyatro çıkışı 	
",1
"Pazar Günü Bir Nevi Sevgililer Günü, Yalnızca BEŞİKTAŞlıların Kutladığı. Kartal Yuvasında Aşk Var, Huzur Var, BEŞİKTAŞ Var...	
",1
"Pazartesi ve Perşembe günleri film yorumları hurraaaa maşallah :) iyiki varsın turkcell :) 
",1
"Playlist ne güzel yine bu gece !!  simdi  #Gökdelenler #HaykoCepkin & #Teoman #np	
",1
"RT @02mslmgl: Birde sabah uyanınca sevdiğin insandan gelen uzun mesajın verdiği mutluluk var. Varmış yani ben bilmiyorum da duydum.	
",1
"RT @10Bucuk: Son zamanlardaki en güzel @beyazshow bu gece idi hepinize tşk. @terziogluburcin #zara	
",1
"RT @13burctahmin: ♉ BOĞA : İnsanları bir bakışta tanıyabilme özelliğine sahipsin. Yanılmıyorsun bu konuda. Kalbinde fesatlık barındıran ins…	
",1
"RT @13burctahmin: ♑ OĞLAK : Senin için boş vakit diye bir şey yok. Zamanını dolu dolu geçirmeyi çok seviyosun, gezmek ve eğlenmek yaşam fel…	
",1
"RT @13burrc: TERAZİ: Güzel gülebilen ender insanlardan birisin o suratının astıranlar utansın mutluluk kapında.	
",1
"""Sen benim mutluluk kaynagimsin,olmayan gamzemdeki gizli tebessumsun.""	
",1
"#Turkcell sen varya adamsın lan adamın dibisin,ayrıca müşteri hizmetlerindeki o sesede belki aşık olmuş olabilirm jfhjgdhkg :D 
",1
"RT @AkifAkay2014: ""@KYMtemizsu: Suyun getirdiği mutluluk daim olsun , yüzleri hep gülsün..	
",1
"RT @Alkolailesi: ""Baştan aşağıya mutluluk.."" http://t.co/zKkmFrL10X	
",1
"RT @BellonaBaty: #KaraParaAskSezonUcistiyoruz #KaraParaAşk masalda mutluluk var	
",1
"RT @Berktopgul: Sabahlamak için güzel bi gece ama uykum daha güzel	
",1
"RT @CeydaOgur: MUTLU AKŞAMLAR   Huzur mutluluk sevgi saygı dolu bir akşam dilerim.  http://t.co/0Deu58gVi3	
",1
"RT @Didemknrn: Büyük bir coşku ile Antalya İl Skm açılışımızı Bakanımız @lutfielvan Katılımları ile Gerçekleştiriyorz @rizasumer http://t.c…	
",1
"RT @DilsadSimsek: Canlarrrr @dmtzdmr @filizpakman Çilek Kokusu'nu sabırsızlıkla bekliyoruzzzHayırlı uğurlu, uzun soluklu, bir arada ço…	
",1
"RT @EmreBuyukbudak: @eminonen Gönül almayı bilen olmak farklılık http://t.co/1QdoFBice4 seni seviyoruz özü bir sözü bir öz Urfalı http://t.…	
",1
"RT @ErsoyKubilay: #BeyazShow Neşe Eğlence Komedi Kahkaha Mutluluk Demek Beyazıt Demek adamın Hası O kadar net	
",1
"RT @FatmaSahin: Botanik Bahçesinde Bahar Şenliğimizin açılışından:))	
",1
"#aşk #ömür #mutluluk #ben #çok #özledim #bu #şapşiriği   #burnumda #tütüyor #sevdiceğim #ömrüm… 	
",1
"RT @FatmaSahin: “DOĞAYA AŞKIMIZI İLAN EDİYORUZ BAHAR ŞENLİĞİ” BAŞLADI http://t.co/tYK6UpgLWf	
",1
"RT @GNCRSL: Memleketime bahar gelmiş her yer yeşillik insan etrafa baktıkça içi açılıyor hava mis	
",1
"RT @Gaziantep27MHP: Karşımızda sadece AKP’li milletvekilleri adayları olursa, açıkçası ben bundan mutluluk duyarım.	
",1
"RT @Guzduell_: Harika bir gece , iyiki varsiiiiiinnnnnnnn ❤️❤️❤️❤️❤️❤️❤️❤️❤️❤️❤️❤️. http://t.co/JVPWNdA69O	
",1
"RT @HandeGuvenoglu: bu gece bir kaçamak mı yapsam :)) beylikdüzü geceleri falan	
",1
"RT @HilmiCemSeverr: DestegimizSeninle HilmiCemİntepe	
",1
"RT @IpekTpbs: Güzel iş çıkardınız Gençleryorgunluk ve mutluluk birarada #meral #tuncay #serkan #harun #buket #cafegrubu #ütopya http://t…	
",1
"RT @KYMyetim: Tek silahı #sevgi olan 200 bin terörist!  #ŞapkadanTerörÇıktı Bu #mutluluk #yetim kalmasın. http://t.co/JdmK0W8PEm	
",1
"RT @KYMyetim: Yetimler teröre bulaşmasın diye sıcak yuvalar inşa ettik. Heyhat, #ŞapkadanTerörÇıktı!  Bu #mutluluk #yetim kalmasın http://t…	
",1
"RT @KetcapliSumuk: Zayn'in perrie veya da nohutla deil de annesiyle katılması da ayrı bir mutluluk..	
",1
"#baharımınçiçekleri #papatyalarımcanlarım #bahargelmişhoşgelmiş #mutluolmakiçinsebebimçok… 	
",1
"RT @Lokman_Erturk: Büyük bir mücadele veren @kazanspor Takımı'mızı,Yönetimi ve Destek veren Taraftarımızı Can'ı Gönülden Tebrik ediyorum ht…	
",1
"RT @MehmetYesiil: Büyük bahar temizliği vatanımıza milletimize hayırlı olsun! 1176 paralel emniyet müdürü emekli edildi. http://t.co/3wpi2…	
",1
"RT @Rte_Mrt: ALLAH CC tüm kardeşlerime razı olacağı bir ömür nasip etsin, yolundan ayırmasın	
",1
"RT @SamsungTurkiye: Hayalinin peşinden gidenleri sizinle paylaşmaktan mutluluk duyuyoruz! :) #LaunchingPeople http://t.co/lwHetW6bmk	
",1
"RT @SernurY: Bugün siyasete bahar geldi... Cumhurbaşkanı bisiklete bindi, Başbakan Galata Köprüsünde balık tuttu... böyle görüntülere ihtiy…	
",1
"RT @Sonmeyecek: @tubaeftelya Yolunuz düşerse ben de sizi görmekten mutluluk duyarım :)	
",1
"RT @TYAKISTIRAN: Zara nın sesi kadar orkestra da muhteşem dinlemeye doyamıyoruz @zaramuzik ve muhteşem orkestra çok teşekkürler bu güzel ge…	
",1
"RT @TeyfikOnurlu: Bence mutluluk çok özlediğin insanı bir anda karşında görüp ona sarılmak.	
",1
"RT @ZeugMadiLGBT: Kaos GL çalışanları, avukatlar ve hukuk öğrencileri ile Antep'te baharı kaçırmadık.  #GökkuşağıKoalisyonu. http://t.co/hS…	
",1
"RT @action__man: Papatya kesinlikle dünyanın en güzel çiçeği. Hiçbir şey beklemeden, sadece baharı müjdelemek için açıyor, fantastik http:/…	
",1
"#beyazshow gecenin hüznüne inat tek mutluluk	
",1
"RT @admrdmr: Ömür boyu mutluluk yamira #yamansürpriz	
",1
"RT @aeTaladro: Bugün Saniye annenin yemek tarifi gününde konuk ben oldum. Harika bir yayındı ve çok keyif aldım. Saniye annemize Allah uzun…		
",1
"RT @akgenclikbeykz: Hem bir evlat babası, hemde tüm İstanbul Gençliğine Abi olmaya niyetli olan bir Başkan. Gençlik Kolları Başkanı'mız @me…	
",1
"RT @aktifegitim29: Genel başkanımız @obahce bey bu gece bizlerleydi. Kendisine ve katılımcı üyelerimize teşekkürler.	
",1
"RT @alberk_: Bazı insanlar dua gibidir, huzur verir.	
",1
"RT @apolayzer: ULAN GECE GECE KAHKAHA ATTIM AQ SAJFHAKHGAKJFHAKJG http://t.co/R3ve2lmhAO	
",1
"RT @au_tiyatro: Açılışı yaptık ! Emeği geçen herkese teşekkür ediyor, tiyatro dolu, mutluluk dolu bir festival diliyoruz ! :) http://t.co/g…	
",1
"RT @banvelaa: Allah seni başımızdan eksik etmesin inşallah! Sen ne güzel bir insansın yaa. Çok şükür ki seninle büyüdük! http://t.co/Yda47f…	
",1
"RT @butterfly4850: #KaraParaAskSezonUcistiyoruz #KaraParaAşk masalda mutluluk var	
",1
"RT @cigdematabek: Siyasette olduğu kadar spor dallarında da oldukça başarılı ve yetenekli bir Cumhurbaşkanımız var :) http://t.co/X0XsAFY1gx	
",1
"#canimannem #canımkardeşim #mutluluk	
",1
"RT @ecniafas: Bu gece gördüklerimiz bize yeter ;) @ihsanhlc  @serife_aydogan	
",1
"RT @edagol2: http://t.co/6BBXNd4To8 testine göre bebeğim bu kadar güzel mi olacak inşallah :D http://t.co/m7RjzSsLsL 
",1
"RT @erkanzagal: #MutluluğunTekFormulü görme engelli adamlara yardım eden bu anne maymunun yüreğine sahip olmak http://t.co/pVeRx22JvN 
",1
"RT @fedaikestir: BU GÜZEL BAHAR AKŞAMI BÜTÜN ARKADAŞLARIN GUNULLERINE     GUZELLIK GETIRSIN 	
",1
"RT @gamzelica: @berkayyksll  iyiki doğdun yeni yaşın sana huzur neşe mutluluk sevgi versin kuzum canım benım iyi ki doğdun ❤️	
",1
"RT @gokaykandis: bahar akşamları vedat bir başkadır	
",1
"RT @gokselserkan: Kardeşlerimiz Hiçbir Menfaati Olmadan,Gece Gündüz Demeden Ak Davaya Hizmet İçin Ellerinden Gelenin Fazlasını Yapmaktadır	
",1
"RT @hagi1453: Mustafa Destici'den çok güzel bir soru http://t.co/ZiCZhUmPL0	
",1
"RT @halilsezaip: Uzun zamandır bu kadar sevinmemiştim bir şeye  Ankara da buldum.80 lerde çocuk olan herkes bilir … https://t.co/2Zf2Xn8D…	
",1
"RT @hatice353: Mutluluk bize yakışır.	
",1
"#canlar #iş #yazıisleri #mutluluk 	
",1
"RT @jsarieroglu: Etimesgutta kadin esnafimizin yogunlugu mutluluk vericiydi. Ak Parti ile kadinlar daha güçlü... http://t.co/zUfPfgCsUD	
",1
"RT @karaoglu00: bunlar muhteşem bi çift yemin ederim biri güneş gözlüğü takmış diğeri şapka takmış gece bisiklet sürüyolar :))#cafegrubu #ü…	
",1
"RT @kemalsimsek: Halen Silivri cezaevinde tutuklu bulunan Selman Yuyucu'nun bir kızı Dünya'ya gelmiştir. Allah ana-babalı büyütsün inş.	
",1
"RT @konukulas: Geniş ve güvenilir omuz mutluluk verir.	
",1
"RT @lastworld_d: Denizden gelen huzur... http://t.co/qyB9fxEeC8	
",1
"RT @lobteksab: Çok güzel bir gün oldu bütün tribüne teşekkürler :))))))	
",1
"RT @mandolinustasi: Mutlu bir güne sevdiklerinizle uyanın... http://t.co/uuk89wNMpK	
",1
"RT @mbatuan: Bayburt'un kuşbakışı bir görüntüsü. Muazzam... http://t.co/6cDBq0F6Zx	
",1
"RT @mdnsena: Defteri kapatmakla olmaz. Sayfalarını ucak yapıp atıcaksın mutluluk o zaman zevk vericek.	
",1
"RT @meadlow: @ArifHur Yine Sensiz adlı ilk albümünün en güzel şarkılarından Tarkan'ın en iyi albümü bu bence,teşekkürler gece gece anımsatt…	
",1
"#mira'm iyiki doğdun hayatımıza neşe kattın mutluluk kattın gülüşünle aydınlattın hayatımızı. Allahım…	
",1
"RT @melutimurtas: bahar gelince bey öğrencilerimizin italya modasına uygun giyinmesi çok hoş.	
",1
"RT @motorlukiz: Karşim iyiki doğdun Yeni yaşın sana sağlık, mutluluk ve bol handeli projeler getirsin  @adibileyok http://t.co/OvKH…	
",1
"RT @nejatisleer: Sen bir kere gülüyorsun, benim bin kere aklıma geliyor.	
",1
"RT @ocumleler: Sanmasınlar yıkıldık, sanmasınlar çöktük; bir başka bahar için sadece yaprak döktük.	
",1
"RT @ogzatbs: Bazı insanların varlığı bile mutluluk sebebi.	
",1
"RT @oz_zekeriya: Ailenin mutluluk ve dirayeti takdire şayan. Kahrında hoş lütfunda hoş der gibiler. Allah bahtını açık etsin. http://t.co/O…	
",1
"RT @ozancihann: Bu gece Sadri Alışık Tiyatrosunda #Market oyununu izledim hala etkisindeyim valla bravo...	
",1
"RT @samil_murat: Tabii ki, iyiyim,	
",1
"RT @sarkifincani: @cagilkaya o mutluluk bize ait efendim, siz hep söyleyin şarkılarınızı, biz fincanlarımızı bu akşam size kaldırıyoruz! :))	
",1
"RT @senemkorkut: Ciceklerim mis gibi baharı getirdii:) @TweetinFatihi tesekkur ettim:) http://t.co/WEGoUj4kpp	
",1
"#osesturkiye nurullh ya insana huzur veriyor sesin 
",1
"RT @sensinyobaz: Biz ""İSLAM""ı Mekkeli bir ""YETİM""den, ""SİYASET""i de Rizeli bir""YİĞİT""ten öğrenen ""FATİH""in Şanlı Torunlarıyız.	
",1
"RT @sevdam_garip: Köpeğinin pisliğini toplayan görüntüdeki kişi İsveç prensesi. Kibir ve kompleks gibi güçlü bir maskeden uzak. http://t.co…	
",1
"RT @siraliharfler: bir başkadır bahar akşamında çay keyfi..	
",1
"RT @siyahBeyaz19903: AH MUTLULUK À... http://t.co/o0D3ZqCKpq	
",1
"RT @smtblks: bu gece alsancakta klarnet çalan dayılar çok iyiydi ama yaşlı teyze göt üstü düşmese iyiydi	
",1
"RT @snapchat07: Bir tane normal arkadaşım yok. Alayı manyak, kafayı yemiş, sıyrık ama seviyorum hepsini, seçilmiş insanlar gibiyiz lan biz.	
",1
"RT @srplshbz: Çok güzel bir tatil olur inşallah...izmir yolculuğu başlasın :)	
",1
"RT @sude_goki: Kare kare @gokhankeser ,kare kare mutluluk #GKFC http://t.co/S8krLfRRPZ	
",1
"RT @yamanlar_kpasa: Baharın Gelişiyle Birlikte Okulumuz Bahçesindeki Kiraz Ağaçları Çiçeğe Durdu. http://t.co/MhzvHSZ1Bp	
",1
"RT @zamancomtr: Bank Asya hisseleri yatırımcıya bir haftada yüzde 45 kazandırdı 	
",1
"#sahne #istanbul #sahneistanbul #eğlence #gece #devam #mutluluk #müzik #keyif #gülümseme https://t.co/yQzgHH4ZgF	
",1
"Rakı muhabbet gerektirir:) o yüzden Twitter bugünlük için yeter.. Hepinize güzel ve keyifli bir gece olsun	
",1
"Reklamlarda turkcell ve coca colayi tek geciyorum 
",1
"Resmen mutluluk kaynagi ya 	
",1
"Sabah okul var sanıp sonra olmadığını farketmek mutluluk sebebi resmen	
",1
"Sabah vapurlarında ücretsiz dağıtılan gazeteleri okuyanlar, 1 milyon kişiye ulaştı. Hayat okuduğunu paylaşınca güzel :) 
",1
"Sadace iki yıl hatta belkide bir yıl sonra Shawn en ünlü erkek şarkıcı olacak. Gerçekten acayip yetenekli. Çok gurur duyuyorum @ShawnMendes	
",1
"Sadece bir anlık mutluluk 	
",1
"Sadece iki kelime icinde binlerce sevgi,saygi,mutluluk,huzur.... anlamlarini barindirabilir bazen.	
",1
"Sahan Gokbakarin oynadigi yeni Turkcell reklami baya iyi. Very sweet you, very beautiful 
",1
"Sahanin Turkcell reklamlari gercekten cok komik. 
",1
"#turkcell #ozturkmatik reklami allah belanizi vermesin!! Vapurda deli gibi guldurdun beni... 
",1
"Sana ne kadar teşekkür etsem azdır Turkcell :) 
",1
"Sanırım turkcell benden hoşlanıyor.. Sıradışı mesajlarr , kampanyalarr , hediye dakikalarr , fırsatlarrr . Hep bi güzellik yapma derdinde :D 
",1
"Saygıdeğer sayın sevgili TURKCELL ailesine en guzel dıleklerımı yolladıktan sonra isteğimin onaylanması beni sevindirmedi değil yani :D 
",1
"Sbh 07:30da şirkettin girişinde elinde şekerleriyle noel baba bizi karşiladi:)Turkcell seni sevyorum 
",1
"Sen bana gelirsen bahar gibi gelirsin :)) http://t.co/GirzP4EUAz	
",1
"Sende neşe mutluluk var	
",1
"Sinemada 2 kez arkadaşlarımla izledim filimi herkesin ortak görüşü aynıydı izlemesi keyifli ve çok başarılı bir film 
",1
"Sizi bu saatte güldüren insanlara gülün. 	
",1
"Sonunda güzel bir icon yapabildim kendime 	
",1
"Superonline fiberoptik, daha iyisi yok Türkiye'de. 
",1
"""Uzak ve imkansız gözüken bir şey, bir anda yakın ve mümkün olabilir."" - Lev Tolstoy #Beşiktaş	
",1
"#turkcell bana kıyak geçmiş sms paketim seneye kadar uzatmış darlingler :D 
",1
"Superonline geç ;) Alt yapı varsa sizin oralarda bence fiber internet al, internet neymiş görüceksin ;) 
",1
"SİVAS'LI OLMAKTA AYRI BİR MUTLULUK.	
",1
"Sıkmayan , gayet neşeli ve güzel oyunculuğun olduğu iyi bir film. 
",1
"Tek huzur kaynağım :) Çiko  http://t.co/j80XJfU0sc	
",1
"Tıpkı bahar gibi tıpkı haziran gibi yılmadan. Direnmeye devam edicez	
",1
"Underworld üçe gittim . Serinin en iyisi olmuş.	 
",1
"VIZELER BITINCE GELEN O HUZUR.	
",1
"Ve şaşırtıcı süprizler... Tek kelime ile ""mutluluk""	
",1
"Vize haftası bitimi whatsapp galerisi temizliği ve verdiği sebepsiz mutluluk	
",1
"Vizeler mi bitti uzun soluklu tatil başlasın o zaman :) http://t.co/SGsKRoXLE1	
",1
"#turkcell dogum günü hediyen için tesekkürler :) 
",1
"Ya ben bu kızı çok seviyorum! nasıl bir mutluluk verdi bugün bana bir bilseniz... tekrar iyi ki… https://t.co/RxElbwYLR9	
",1
"Yarında Perşembeeee..oohhhhh çok şükür.. [gnctrkcll] 
",1
"Yarının cumartesi olması çok mutluluk veriyor 	
",1
"Yatak aldim, yorgan ve yastigi Turkcell verdi :) 
",1
"Yatakda cips yemek en büyük favorim 		
",1
"Yaşasın bahar... http://t.co/Pr9hyAaoXB	
",1
"Yine güzeliz, yine çiçek, yine bahar... 	
",1
"Zayıf olmak güzelse yemek yemek daha güzel		
",1
"aaaahhh aahh :-D 
",1
"alsana lan ne beklıyosun :D hatta yanında bıde hat al turkcell olursa sevınırım :D 
",1
"#turkcell mudo indirimin güzel olmuş valla ya.	 
",1
"bahar güzeldir, güzeldir bahar aşkları ...	
",1
"baharın ilk dondurmasıyla iyi gelmez mi hiç deniz havası☀️ @ Agva Sahil https://t.co/orKbb7wzzg	
",1
"ben guzel bir arkadasimla beraber uyumaktan cok baska bi mutluluk duyuyorum.	
",1
"bence bu film çok sıcak bir kardeşlik öyküsü.. ailesinde zihinsel engelli bir yakını olan herkezi etkileyebilecek çok önemli detaylara sahip. 
",1
"bir başkadır bahar akşamında çay keyfi..	
",1
"bir van gogh'un yıldızlı gece tablosu bir de akşam güneşi vurmuş rakı kadehi..ikisi de muazzam sanat eseri gözümde..	
",1
"bu film kimsenin görmek istemediği şeyleri gösterdi belkide gözlerini sımsıkı yumanlara. 
",1
"bu filmin dramı çok güzeldi yeri geldiğinde güldürüp yeri geldiğinde üzünlendiren güzel bir yapım 
",1
